rosbagTimestamp,data
1653901975737510821,0.0
1653901975772378798,0.00196791765978
1653901975804651923,0.00379242144927
1653901975834341807,0.0055047144993
1653901975866869253,0.00733913106696
1653901975899919241,0.0092281302994
1653901975935775620,0.0112909082988
1653901975966256064,0.0130251949693
1653901975999154887,0.0148798428898
1653901976034179655,0.0168946289459
1653901976064772025,0.0186521221102
1653901976099826709,0.0206702307095
1653901976133752646,0.0226073952275
1653901976166767594,0.0244876708393
1653901976197056306,0.0262138610182
1653901976230551244,0.028155814445
1653901976263877419,0.0300842001664
1653901976295060267,0.0318709571592
1653901976330530595,0.0339092516638
1653901976363095227,0.0357702894816
1653901976397640839,0.0377651704968
1653901976429438871,0.0395933198804
1653901976464927039,0.0416393781452
1653901976495401462,0.043406966228
1653901976526517587,0.0452236960493
1653901976558736043,0.0470663473392
1653901976593413574,0.0490912842699
1653901976625615284,0.0509251624192
1653901976661126928,0.0529668338593
1653901976694339011,0.0549030860451
1653901976724676070,0.0566575560954
1653901976759948568,0.0587014565677
1653901976795889949,0.0607895822289
1653901976825308819,0.0624562805116
1653901976859151300,0.0644090651827
1653901976889901255,0.0661962280553
1653901976925150809,0.0682520311699
1653901976955696782,0.0700035370972
1653901976991559070,0.0720770501356
1653901977022085890,0.0738470506544
1653901977056257524,0.0758335752435
1653901977091584460,0.0778599922502
1653901977123960520,0.0797588092726
1653901977156820260,0.0816348829451
1653901977189456995,0.0834759958947
1653901977220869213,0.085356602785
1653901977255137783,0.0873375744528
1653901977290696282,0.089395799508
1653901977321437418,0.091164877795
1653901977352533442,0.0929578895249
1653901977384014966,0.0947781081669
1653901977419895969,0.0968295944852
1653901977453314175,0.0987624393023
1653901977484793964,0.100571817294
1653901977519036938,0.102542793348
1653901977551067680,0.104400326641
1653901977583270745,0.106227012622
1653901977615328399,0.108066131055
1653901977651051089,0.110113784109
1653901977683667283,0.111969703291
1653901977718320941,0.113968857985
1653901977750246336,0.115819336546
1653901977783225001,0.117684222109
1653901977815051612,0.119494513955
1653901977846573720,0.121318695093
1653901977880286643,0.123251156605
1653901977916088368,0.125242940966
1653901977946500192,0.127017767794
1653901977981006843,0.128946254184
1653901978013288996,0.13081261165
1653901978044831295,0.132598347058
1653901978080652288,0.134626550788
1653901978115346786,0.13654959848
1653901978143563041,0.138194174784
1653901978178760881,0.140153821585
1653901978211642415,0.142032057707
1653901978244205411,0.143883034673
1653901978275916523,0.145636583635
1653901978311003016,0.14762194863
1653901978343695631,0.149465395455
1653901978376170872,0.151240086458
1653901978410091753,0.15313636879
1653901978443652653,0.155066001058
1653901978475542666,0.156840078795
1653901978506187411,0.158547035745
1653901978539168437,0.16036930645
1653901978574413092,0.162358511552
1653901978605002295,0.164054164517
1653901978640536640,0.166012762649
1653901978674112160,0.167861322442
1653901978704523135,0.169544603482
1653901978740526628,0.171541186033
1653901978774632092,0.173417173761
1653901978805537356,0.175077141154
1653901978838007965,0.176885053317
1653901978869971158,0.178634993099
1653901978902728179,0.180440959418
1653901978934557361,0.18213930094
1653901978970546250,0.184119533072
1653901979007834965,0.18612465008
1653901979034339929,0.1875913865
1653901979070709458,0.18954401869
1653901979103193926,0.191318810965
1653901979135608097,0.193066166491
1653901979167748800,0.1947870317
1653901979201084493,0.19655681314
1653901979234399545,0.198327795447
1653901979264771134,0.199976785127
1653901979300704745,0.201869537306
1653901979332343825,0.203567805468
1653901979365312105,0.205300949332
1653901979401293930,0.207213276527
1653901979434406124,0.208946811598
1653901979464464206,0.210559819985
1653901979499321451,0.212376762265
1653901979529759539,0.214000379904
1653901979564415185,0.215765620292
1653901979596076759,0.217460923261
1653901979630254377,0.219230483748
1653901979663744379,0.220948215488
1653901979694810890,0.222576313837
1653901979730438824,0.224376207601
1653901979763310596,0.226099035488
1653901979792992576,0.227614449188
1653901979830612023,0.229548726987
1653901979859140043,0.231003969204
1653901979895129529,0.232843479316
1653901979925688414,0.234404977326
1653901979960507877,0.236162477204
1653901979994357233,0.237837865767
1653901980023946021,0.23934386755
1653901980055872704,0.240956521404
1653901980092467205,0.242801846698
1653901980124042547,0.244368019282
1653901980156680392,0.246007781673
1653901980190822292,0.247689986111
1653901980223973965,0.249320116143
1653901980255075210,0.250858329592
1653901980291645107,0.252630063482
1653901980322652820,0.254169602416
1653901980355567031,0.25577330394
1653901980390065559,0.257465838382
1653901980424105343,0.259091187547
1653901980455449297,0.260622513917
1653901980489181935,0.262249463754
1653901980522772344,0.263854647163
1653901980556578373,0.265432756892
1653901980588383220,0.266995814159
1653901980620519970,0.268501719638
1653901980657597509,0.270245088018
1653901980685243549,0.271558503485
1653901980718862731,0.273157271416
1653901980755467267,0.274842917789
1653901980784828351,0.276221534297
1653901980818418616,0.277787555727
1653901980850782971,0.279286897141
1653901980883571134,0.280775056232
1653901980915453612,0.282242158187
1653901980951575837,0.283892516511
1653901980982534760,0.285317633855
1653901981015607199,0.286803810589
1653901981052356403,0.288436152519
1653901981082395300,0.289830632117
1653901981115208169,0.291297280752
1653901981148289110,0.292761699895
1653901981179774566,0.294155683773
1653901981215207669,0.295740049308
1653901981244591959,0.297030038456
1653901981280555990,0.298611556043
1653901981312711026,0.29999861962
1653901981344355394,0.301387137171
1653901981380421486,0.30294957974
1653901981412784413,0.304341266016
1653901981443730512,0.305663764401
1653901981482843486,0.307320143034
1653901981508021981,0.308389679269
1653901981543714034,0.309902046194
1653901981575105535,0.311215091728
1653901981610554999,0.312700960483
1653901981643665981,0.314088998632
1653901981675395991,0.315380382957
1653901981711760413,0.316902453608
1653901981743635155,0.318198104727
1653901981774777752,0.319477200959
1653901981808594677,0.320830215605
1653901981839848139,0.322111437761
1653901981873470037,0.323453892977
1653901981904901578,0.324719955385
1653901981943352943,0.326251411003
1653901981973669300,0.327432045855
1653901982003526081,0.328617651777
1653901982039194515,0.330031195737
1653901982074416273,0.331390638829
1653901982104432016,0.332560941902
1653901982137034738,0.333808245202
1653901982170342091,0.335092981343
1653901982203916078,0.33634848776
1653901982232542132,0.337445116655
1653901982273294651,0.338964121321
1653901982304327862,0.340135019481
1653901982337519193,0.341346309405
1653901982369132435,0.342545947403
1653901982403112353,0.343795225354
1653901982435032310,0.3449301831
1653901982466011142,0.346069443625
1653901982499390764,0.347263084948
1653901982533344545,0.348495066481
1653901982564969555,0.349619696738
1653901982600058679,0.350862928907
1653901982633215529,0.352023928629
1653901982664475008,0.35311991931
1653901982698727092,0.35430767222
1653901982733691910,0.355509209148
1653901982764164368,0.3565585794
1653901982798029421,0.357701797926
1653901982830519303,0.358789824916
1653901982865269171,0.359950779224
1653901982897840264,0.361027843184
1653901982931303649,0.36213533391
1653901982963321857,0.363208826604
1653901982995293070,0.36423870404
1653901983026859426,0.365254131724
1653901983061874473,0.366384608708
1653901983096294256,0.367473037882
1653901983130164389,0.368541445771
1653901983159265240,0.369450555977
1653901983193770334,0.370541996459
1653901983229333428,0.371645914847
1653901983259803494,0.372587036553
1653901983293075142,0.37358721079
1653901983324523597,0.374542556186
1653901983360084420,0.375598358271
1653901983394253719,0.376615162263
1653901983423962770,0.377490728926
1653901983456233194,0.378433838607
1653901983489610425,0.379402946229
1653901983525004225,0.380397062463
1653901983556094373,0.381297161532
1653901983593280420,0.382355076297
1653901983621439293,0.383122247671
1653901983655445814,0.38407700778
1653901983688592550,0.384995122146
1653901983723498177,0.385937414963
1653901983755894900,0.386808787174
1653901983787909494,0.387657501809
1653901983820454350,0.388510134602
1653901983854309315,0.389407419099
1653901983884626198,0.390202021511
1653901983918707013,0.39107343839
1653901983952369938,0.391926655311
1653901983982639550,0.39269192219
1653901984019213913,0.393589093219
1653901984054022546,0.394467409428
1653901984084860902,0.395211866559
1653901984116857815,0.395985404807
1653901984149714936,0.396774495578
1653901984183741092,0.397581497214
1653901984215737231,0.398320287469
1653901984249741906,0.399111456293
1653901984283315075,0.399884639793
1653901984317334841,0.40063467877
1653901984350538279,0.401369395831
1653901984382963406,0.402109691861
1653901984417022535,0.402840924334
1653901984449096087,0.403529804143
1653901984478729253,0.404158595173
1653901984516265510,0.404963639482
1653901984543708949,0.405532181452
1653901984579155422,0.406248717757
1653901984613421460,0.406951257727
1653901984644233339,0.407564705346
1653901984678298368,0.40823783619
1653901984714106023,0.408928784397
1653901984742677952,0.409484229805
1653901984777567116,0.410148235256
1653901984808922594,0.410729947497
1653901984841785461,0.411339612723
1653901984874634325,0.411931328563
1653901984910342964,0.412558520352
1653901984942652123,0.413133530453
1653901984973798519,0.41366989239
1653901985010023688,0.414295126368
1653901985042905711,0.414837838991
1653901985074258603,0.415366865103
1653901985106928636,0.415889404473
1653901985140252014,0.41642973992
1653901985174310828,0.416956800236
1653901985204284596,0.417427262507
1653901985238650070,0.417952492924
1653901985273626557,0.418470562846
1653901985305121036,0.418932156092
1653901985340260737,0.41943798296
1653901985373738481,0.419907708028
1653901985404037535,0.420333386531
1653901985437127522,0.42078035229
1653901985469361204,0.421211070475
1653901985504652341,0.421669660666
1653901985532108201,0.422022364531
1653901985569411661,0.422484800201
1653901985601574645,0.422880131973
1653901985635233347,0.42328351349
1653901985669379973,0.423681841589
1653901985701799108,0.424049945012
1653901985733196420,0.424397425379
1653901985766456622,0.42475811645
1653901985797939436,0.425091229315
1653901985833687039,0.42545755624
1653901985864419550,0.425770830292
1653901985900847959,0.426119860285
1653901985935239625,0.426452312934
1653901985967853390,0.426748897796
1653901985997867027,0.427019665048
1653901986031552909,0.427312899021
1653901986064635025,0.427590468442
1653901986097019422,0.427852432322
1653901986129622995,0.428107439526
1653901986162000410,0.42835242858
1653901986193637451,0.428586405447
1653901986231206777,0.428843955354
1653901986262088277,0.429057546734
1653901986293878372,0.429261940177
1653901986329499197,0.429479374743
1653901986362870365,0.429681238591
1653901986393917953,0.429858477145
1653901986429075888,0.430045189904
1653901986458442888,0.430193780039
1653901986494389299,0.430367654331
1653901986526611032,0.430512977782
1653901986558746752,0.430651590278
1653901986592951583,0.430791461509
1653901986624914828,0.430910046019
1653901986657977177,0.431025370857
1653901986692932128,0.431136771845
1653901986723459640,0.431225489639
1653901986756565219,0.431312978217
1653901986789716544,0.431391985497
1653901986825366421,0.431465721178
1653901986860057408,0.431528305203
1653901986892022325,0.43157700067
1653901986922680778,0.431615492159
1653901986954016029,0.431646565388
1653901986988436723,0.431671786928
1653901987022130997,0.431686788768
1653901987054655387,0.431692216498
1653901987084969916,0.431689494758
1653901987120781739,0.431676531655
1653901987154017229,0.431654957655
1653901987184415650,0.43162725741
1653901987221587148,0.431582458805
1653901987252752841,0.431536673211
1653901987284406666,0.431482747674
1653901987320509367,0.431408836061
1653901987353032230,0.431333939197
1653901987383778815,0.431255393946
1653901987417805782,0.431160914948
1653901987452912727,0.431049641437
1653901987483918820,0.430945850929
1653901987514877615,0.430832615562
1653901987549204511,0.430698509791
1653901987582274865,0.430563006707
1653901987613755070,0.430420037289
1653901987648898129,0.430254388678
1653901987683785309,0.430082251156
1653901987714338311,0.429921026373
1653901987746802610,0.429738515998
1653901987778806994,0.429555776777
1653901987813540056,0.429345243738
1653901987845005813,0.429144448409
1653901987879044421,0.428920100334
1653901987913218364,0.428686010495
1653901987941659248,0.428479716203
1653901987979189944,0.428205009087
1653901988013075551,0.427939226049
1653901988044251833,0.427691671496
1653901988077761383,0.427416126809
1653901988111300104,0.427134002527
1653901988142070986,0.426862514541
1653901988174315211,0.426570809228
1653901988213291397,0.426216033546
1653901988245262452,0.425904522783
1653901988274911789,0.425620678562
1653901988308849617,0.425270454133
1653901988344042586,0.424904540414
1653901988377963360,0.424545788253
1653901988409276168,0.424215728503
1653901988439189745,0.423877401431
1653901988474149441,0.423477311816
1653901988505567839,0.423115016518
1653901988539854078,0.422693431974
1653901988573466287,0.422286054997
1653901988603127962,0.421918703984
1653901988637052928,0.421487019627
1653901988672292333,0.421026623353
1653901988704556155,0.420602284827
1653901988736292519,0.420171293753
1653901988768627193,0.41972983377
1653901988802438235,0.419255580726
1653901988832882495,0.418822198339
1653901988868917577,0.418295790813
1653901988902145446,0.417808527465
1653901988933504413,0.417340884732
1653901988968279132,0.41680404226
1653901989001034813,0.416296282379
1653901989037027017,0.415719746685
1653901989065543199,0.415268604679
1653901989101048165,0.414693604234
1653901989132751505,0.414157813967
1653901989164122703,0.413634936754
1653901989200742296,0.413012505695
1653901989234182826,0.412435771615
1653901989264545139,0.411897643827
1653901989299644294,0.411272597726
1653901989330682478,0.410705653422
1653901989364000686,0.410092399108
1653901989397687705,0.40946849921
1653901989427896232,0.408891261356
1653901989461973321,0.408243303743
1653901989493568735,0.407633720753
1653901989528217795,0.406961087769
1653901989560601424,0.40631086851
1653901989594338858,0.405639414375
1653901989628194887,0.404957854907
1653901989662326125,0.404253971701
1653901989693770400,0.403592432033
1653901989724211243,0.40295301336
1653901989758335182,0.402238975086
1653901989793074434,0.401473995887
1653901989824106378,0.400796413584
1653901989860424370,0.400003212283
1653901989892461499,0.3992867049
1653901989923355049,0.398585047893
1653901989957885144,0.39781149152
1653901989993970891,0.39698202517
1653901990023645791,0.396289038235
1653901990057100577,0.39549604011
1653901990089325544,0.394736669003
1653901990124186547,0.393899325849
1653901990154071177,0.393175509421
1653901990189736103,0.392298595138
1653901990220643193,0.391536635046
1653901990252920938,0.390737030705
1653901990289410093,0.38981800377
1653901990320641339,0.389023590835
1653901990354034853,0.388183617445
1653901990384221710,0.387405270573
1653901990418930976,0.386491762109
1653901990453091957,0.385602619237
1653901990482683348,0.384802199984
1653901990520316175,0.383834965483
1653901990552431429,0.382937791993
1653901990582989241,0.382115185192
1653901990619830838,0.381098789575
1653901990652481662,0.380194719736
1653901990683085739,0.379338619335
1653901990717250116,0.378378668901
1653901990752176479,0.377388592523
1653901990784571154,0.37647772601
1653901990813761923,0.375624104795
1653901990850733112,0.374555278015
1653901990881569370,0.373654397336
1653901990912924718,0.37273778024
1653901990950510785,0.37164115256
1653901990982161137,0.370696140652
1653901991012195718,0.369771121098
1653901991046885300,0.368729995329
1653901991077821697,0.367778471338
1653901991114448521,0.366668609702
1653901991144575118,0.365731550863
1653901991178057189,0.364685975327
1653901991212510156,0.3636162271
1653901991244157365,0.362604151091
1653901991278573844,0.361543925463
1653901991312142028,0.36044056672
1653901991343346403,0.359440423394
1653901991375334086,0.358404925757
1653901991409412688,0.357301712352
1653901991443017345,0.356214788987
1653901991475048458,0.355132780558
1653901991509071227,0.354009959437
1653901991540927797,0.352944145233
1653901991573915964,0.351836672343
1653901991610196266,0.350617586874
1653901991641085891,0.34956427941
1653901991673933156,0.34843316179
1653901991707628180,0.347298224937
1653901991737184726,0.3462547756
1653901991774762089,0.344980570841
1653901991804627449,0.343924398124
1653901991839893264,0.342692154212
1653901991874241606,0.341465395139
1653901991903420290,0.34043786835
1653901991937791247,0.339208361541
1653901991973991982,0.337893746233
1653901992004769051,0.336785469923
1653901992034832612,0.335691172476
1653901992068830073,0.334464273856
1653901992102226268,0.333230495085
1653901992132056271,0.332138483467
1653901992168373092,0.33079025991
1653901992202148905,0.329543361578
1653901992237182101,0.328239517204
1653901992269379874,0.327024526283
1653901992304884313,0.325698628721
1653901992338392450,0.324416067129
1653901992366103792,0.323348277664
1653901992398673440,0.32212143592
1653901992433986007,0.32076375457
1653901992464940574,0.319555167897
1653901992497674837,0.318279834433
1653901992531367743,0.31699046723
1653901992565539424,0.315667144147
1653901992598505525,0.314350780614
1653901992632129624,0.313037880146
1653901992662220763,0.311826700353
1653901992697558022,0.310450590661
1653901992729144334,0.309185318857
1653901992761206717,0.307897261421
1653901992794516529,0.306551849356
1653901992831629325,0.305046885905
1653901992861134657,0.303848283913
1653901992893061085,0.302545158804
1653901992924483817,0.301267259625
1653901992961902032,0.299736386691
1653901992994478119,0.298415758869
1653901993026556965,0.297077705398
1653901993057340065,0.295800815311
1653901993091215830,0.294373890468
1653901993128173841,0.292842709904
1653901993156842826,0.291641265133
1653901993192399279,0.290154944377
1653901993223888327,0.288817379418
1653901993258831884,0.287344508636
1653901993292685657,0.285918427846
1653901993322255988,0.284655223455
1653901993356712287,0.283181830556
1653901993386314543,0.281893233352
1653901993423337457,0.280338564599
1653901993452022238,0.279070334663
1653901993488828817,0.277485670873
1653901993521415323,0.276073563132
1653901993553009115,0.274691088422
1653901993590280758,0.27310260663
1653901993622692146,0.27165271767
1653901993652256895,0.270341576851
1653901993686596340,0.268851552067
1653901993718527800,0.267441761096
1653901993751605753,0.265957263107
1653901993784214153,0.264516121754
1653901993818754823,0.26298905979
1653901993851779567,0.261526167779
1653901993882195027,0.260139202136
1653901993919155664,0.258492540113
1653901993951255398,0.257054650956
1653901993982055079,0.255664734442
1653901994017887133,0.254049493869
1653901994049411360,0.252619785992
1653901994085366479,0.251013497195
1653901994113414912,0.249705345173
1653901994149066292,0.248079084628
1653901994181187524,0.246620568631
1653901994211526576,0.24520649468
1653901994249320438,0.24349160822
1653901994281853078,0.241987456201
1653901994315596955,0.240461790166
1653901994348523291,0.238913829385
1653901994377419505,0.237564977673
1653901994414413200,0.235854479634
1653901994449711190,0.234223185466
1653901994478942836,0.232858705089
1653901994511897821,0.23133013124
1653901994543305239,0.229836899133
1653901994577443472,0.228251945862
1653901994613062033,0.226590557663
1653901994642952522,0.225172364864
1653901994676547665,0.223603800793
1653901994709919832,0.222022669624
1653901994743454377,0.220451049708
1653901994773481986,0.219001453755
1653901994811092329,0.217246101937
1653901994841354352,0.215784860981
1653901994873352430,0.21426780729
1653901994910014575,0.212560414369
1653901994941226467,0.211038958162
1653901994973168552,0.209518362228
1653901995003553163,0.208061942265
1653901995038983463,0.20637303298
1653901995073172773,0.204723695472
1653901995103371401,0.203279814407
1653901995140663282,0.201487193908
1653901995172337376,0.200002969277
1653901995202252944,0.198535747654
1653901995238496918,0.196798355232
1653901995272230229,0.195200878579
1653901995304731811,0.193599979786
1653901995335331993,0.192111352131
1653901995371634799,0.190369820454
1653901995404083628,0.188798536216
1653901995432155299,0.187456155235
1653901995468480543,0.185661325197
1653901995501754248,0.18404801318
1653901995536643087,0.182353108394
1653901995568081454,0.180821131466
1653901995602210933,0.179172831791
1653901995636653797,0.177509074949
1653901995665572480,0.176098257556
1653901995698161220,0.174501168735
1653901995731813547,0.172871036287
1653901995762790636,0.171350896028
1653901995801319461,0.169469537929
1653901995831102157,0.168037960599
1653901995863156977,0.166476623532
1653901995898454910,0.164747624178
1653901995932148338,0.163111912452
1653901995963033284,0.161597737082
1653901995995506670,0.159996792728
1653901996028525889,0.158379200706
1653901996062910183,0.156705158363
1653901996093674566,0.155201342415
1653901996129308305,0.153443424688
1653901996162083485,0.151871129307
1653901996194234061,0.150287207634
1653901996226958301,0.148678048946
1653901996261935665,0.146980222642
1653901996296915761,0.145259509994
1653901996323771171,0.143941668976
1653901996357303402,0.142313103032
1653901996394096756,0.140505064903
1653901996428033934,0.138852913099
1653901996457280230,0.137437034459
1653901996490919445,0.135788640097
1653901996523602115,0.134226172066
1653901996557410354,0.132557722723
1653901996593022972,0.130815365924
1653901996623506262,0.129349847979
1653901996657478185,0.127692793793
1653901996689327352,0.126141350335
1653901996723494925,0.1244946877
1653901996754443119,0.123001489324
1653901996788413200,0.121316679287
1653901996820523373,0.11974937833
1653901996854209967,0.118125367173
1653901996889341576,0.11644002696
1653901996922717624,0.114811225712
1653901996953286418,0.113318836534
1653901996984724746,0.111809958148
1653901997019003522,0.110139954019
1653901997053387346,0.10849261935
1653901997082304535,0.107094381198
1653901997119589137,0.105329234843
1653901997150675630,0.103828260595
1653901997180367831,0.102383074268
1653901997220081699,0.100506928879
1653901997252436602,0.0989351293244
1653901997282138130,0.0975379664829
1653901997316946455,0.0958733929807
1653901997349296924,0.0943454114924
1653901997383166267,0.0927321751897
1653901997414031521,0.0912670806068
1653901997449382576,0.0895819013871
1653901997480483417,0.0881212448637
1653901997513896232,0.0865123019803
1653901997547742427,0.0849510388163
1653901997580779285,0.0833758257325
1653901997612239708,0.081891932597
1653901997646121317,0.0802891298758
1653901997675946912,0.0789022349108
1653901997711248639,0.0772478042339
1653901997742665130,0.0757804963507
1653901997779139475,0.0741140223958
1653901997810823957,0.0726157518976
1653901997841928525,0.0711702253687
1653901997876790500,0.06956484972
1653901997913337161,0.0678949942436
1653901997943020838,0.0665199031053
1653901997975952639,0.0650259430388
1653901998009212290,0.0634925620909
1653901998042282731,0.0619918912604
1653901998072055782,0.0606102258181
1653901998109639317,0.0589060262567
1653901998142329004,0.0574251279481
1653901998173091756,0.0560565595841
1653901998208616201,0.0544629315039
1653901998238758845,0.0530945059642
1653901998273821532,0.0515466770179
1653901998303224502,0.0501947110803
1653901998335937460,0.0487490020624
1653901998370807729,0.0471889054395
1653901998404314573,0.0457049697659
1653901998436877381,0.0442830178491
1653901998469770583,0.0428269397388
1653901998502368142,0.041400009644
1653901998537731285,0.039885300375
1653901998572580816,0.0383571458747
1653901998605974145,0.0369105193912
1653901998636501611,0.0355708755108
1653901998668789696,0.0341881828696
1653901998702383848,0.0327644841933
1653901998733083326,0.0314610101859
1653901998768849790,0.0299122922577
1653901998801409764,0.0285374394357
1653901998834480487,0.027146430907
1653901998868576054,0.0257063170497
1653901998901760238,0.0243196876773
1653901998933945413,0.022999873509
1653901998966315457,0.0216331703144
1653901998997926364,0.0203364188831
1653901999033008911,0.0188908533063
1653901999064068672,0.0176225795266
1653901999097915103,0.0162513035709
1653901999133320820,0.0148207066022
1653901999164606151,0.0135494695669
1653901999196927639,0.0122501525901
1653901999231539953,0.010882383496
1653901999262910560,0.00963828450866
1653901999296971821,0.00828774477547
1653901999329003437,0.00700950528799
1653901999363391000,0.00567996860544
1653901999394292985,0.00449081120489
1653901999429373202,0.0031385054196
1653901999460633231,0.00191458957639
1653901999496018635,0.000557598718623
1653901999527965356,-0.00066089242899
1653901999560473459,-0.00189213533206
1653901999593473212,-0.00312453422311
1653901999624483160,-0.00428633733326
1653901999656959302,-0.00547900190567
1653901999692613818,-0.00679084061786
1653901999727689952,-0.00809024198928
1653901999761071549,-0.00931089123147
1653901999789867498,-0.0103523310893
1653901999821965230,-0.0115007418639
1653901999855952050,-0.0127122108867
1653901999892107558,-0.0139922014034
1653901999922272769,-0.0150416270906
1653901999955844988,-0.0162311251451
1653901999987010568,-0.0172994882498
1653902000022667579,-0.0185133047206
1653902000054192938,-0.0195874483806
1653902000088045648,-0.0207252123458
1653902000121142697,-0.0218600883203
1653902000154193113,-0.022946539421
1653902000187995475,-0.0240544826193
1653902000220744229,-0.025147481698
1653902000253813000,-0.0262082759598
1653902000285464340,-0.0272430214759
1653902000317807070,-0.028277138871
1653902000353480564,-0.0293932899324
1653902000381759854,-0.03029222794
1653902000417514174,-0.0313854998226
1653902000451682895,-0.0324506842228
1653902000483077163,-0.033397851729
1653902000518187231,-0.0344539919254
1653902000551912192,-0.0354690087077
1653902000582038616,-0.0363585442512
1653902000615693638,-0.0373347883186
1653902000649180252,-0.0383049917221
1653902000682025361,-0.0392178991324
1653902000713638654,-0.0401291807706
1653902000748428449,-0.0411000952881
1653902000781234636,-0.0419967553283
1653902000813695759,-0.0428834880417
1653902000847165313,-0.0437855117541
1653902000881352495,-0.0447010591327
1653902000913976066,-0.0455556512225
1653902000947047718,-0.0464034742795
1653902000977675701,-0.0471993216913
1653902001013858953,-0.0481238523527
1653902001043097365,-0.0488427924156
1653902001077786267,-0.0496915641741
1653902001110964586,-0.0505046366567
1653902001141082376,-0.051224369591
1653902001177882187,-0.0520814392968
1653902001212867551,-0.0528955881306
1653902001243185056,-0.0535778037508
1653902001273402610,-0.0542680946913
1653902001307522308,-0.0550129335013
1653902001341062846,-0.0557453884742
1653902001372552306,-0.0564176612038
1653902001407783633,-0.0571455808819
1653902001443388035,-0.0578704327677
1653902001473611614,-0.058476326867
1653902001507151497,-0.0591580343849
1653902001542111001,-0.059823528292
1653902001573362245,-0.0604283076875
1653902001604140629,-0.060987814366
1653902001638200074,-0.0616109212409
1653902001671723968,-0.0622001037556
1653902001703498607,-0.0627557219348
1653902001738171984,-0.0633508702276
1653902001772519965,-0.0639220738766
1653902001803113946,-0.0644039816023
1653902001836794030,-0.0649330146151
1653902001868974805,-0.0654347458523
1653902001903515583,-0.0659490261345
1653902001935091978,-0.0664117837005
1653902001967762347,-0.0668691521647
1653902002001110635,-0.0673228322465
1653902002034433101,-0.0677606802902
1653902002067508973,-0.068184196842
1653902002102232201,-0.068606493226
1653902002131435288,-0.0689568651626
1653902002168923508,-0.0693804520413
1653902002200127822,-0.0697238320509
1653902002231744593,-0.0700572113456
1653902002266928911,-0.0704100502912
1653902002297984921,-0.0707097472218
1653902002329587949,-0.0709998190008
1653902002363975066,-0.0712918450198
1653902002395197164,-0.0715543807064
1653902002429314511,-0.0718172313033
1653902002463034843,-0.072058862961
1653902002495918990,-0.0722834084434
1653902002530767009,-0.0725032039216
1653902002566278649,-0.0727104757748
1653902002595387756,-0.0728654041907
1653902002626840842,-0.0730167753205
1653902002662621760,-0.0731729714355
1653902002694832450,-0.0732966947132
1653902002729848831,-0.0734129297021
1653902002760115814,-0.0734991351413
1653902002793750916,-0.0735772171972
1653902002828190276,-0.073640252012
1653902002862127284,-0.0736830375559
1653902002892734261,-0.0737076720076
1653902002927021902,-0.0737173501786
1653902002958936231,-0.0737095269414
1653902002993544928,-0.0736830638127
1653902003022521261,-0.0736458806221
1653902003060826840,-0.073576470569
1653902003090746519,-0.0735051699387
1653902003121031791,-0.0734185666841
1653902003154320355,-0.0733066903865
1653902003190369742,-0.0731619961246
1653902003222648311,-0.0730166475764
1653902003256056069,-0.072846782728
1653902003291548168,-0.0726465248194
1653902003321234610,-0.0724620780992
1653902003355241569,-0.0722320467076
1653902003387322337,-0.0719981192486
1653902003419850151,-0.0717414884996
1653902003451527335,-0.0714740277908
1653902003490639674,-0.0711258078915
1653902003519668453,-0.0708420916896
1653902003551471196,-0.070517450143
1653902003587544615,-0.0701402697522
1653902003616511518,-0.0698115438233
1653902003651915883,-0.0693850666572
1653902003681676921,-0.0690094650533
1653902003717775434,-0.0685427745061
1653902003750591862,-0.068086762366
1653902003782145179,-0.0676347506706
1653902003816549817,-0.0671263556086
1653902003851695978,-0.0665811482804
1653902003881551064,-0.0660956426425
1653902003916266212,-0.0655232204926
1653902003947974752,-0.0649699452401
1653902003981923121,-0.0643518005832
1653902004011908731,-0.063789594984
1653902004048280097,-0.0630888286756
1653902004077839838,-0.0625029311159
1653902004111211275,-0.0618169027157
1653902004141973208,-0.0611633490053
1653902004181814637,-0.0603214001926
1653902004212547027,-0.0596188364074
1653902004243849455,-0.0588957188247
1653902004276837782,-0.0580989806335
1653902004312261251,-0.0572377248663
1653902004346386208,-0.0563865291464
1653902004377182421,-0.0555899917949
1653902004411478620,-0.0546868354828
1653902004442388011,-0.0538551572375
1653902004476753078,-0.0528827336773
1653902004511476736,-0.0519032418341
1653902004543241707,-0.0509862617471
1653902004575762777,-0.0499965920514
1653902004607390617,-0.0490543776193
1653902004639806676,-0.048022121935
1653902004670326988,-0.0470533818966
1653902004707171047,-0.045857775348
1653902004739881806,-0.0447625349519
1653902004771734144,-0.0436881031272
1653902004806488006,-0.0424733291995
1653902004840438517,-0.0412738091861
1653902004872610263,-0.0401092247829
1653902004904702485,-0.038920042006
1653902004937007747,-0.0377275083249
1653902004971954821,-0.0363827646381
1653902005006011840,-0.0350434473112
1653902005037616515,-0.0337793247978
1653902005070504900,-0.0324411653307
1653902005102947857,-0.0311196364759
1653902005135547873,-0.02974601886
1653902005171391542,-0.028235217248
1653902005203091400,-0.0268270348961
1653902005233902999,-0.0254714731753
1653902005268173119,-0.0239253111487
1653902005299583726,-0.0224801702369
1653902005335653029,-0.0207994304244
1653902005368301092,-0.0192717540272
1653902005397987092,-0.0178250915655
1653902005431065954,-0.0162165942733
1653902005463856102,-0.0145744707752
1653902005499998485,-0.0127697881214
1653902005531609132,-0.0111386816552
1653902005563806859,-0.00945560643872
1653902005597374843,-0.00770661387723
1653902005632022053,-0.00584161387807
1653902005667371680,-0.00390953457955
1653902005696968220,-0.00227099272485
1653902005730076014,-0.000410577199121
1653902005763965157,0.0
1653902005798445564,0.0
1653902005830365924,0.0
1653902005861931191,0.0
1653902005895981820,0.0
1653902005928982838,0.0
1653902005963475012,0.0
1653902005992727340,0.0
1653902006028746772,0.0
1653902006060351338,0.0
1653902006092827755,0.0
1653902006128295053,0.0
1653902006161899356,0.0
1653902006191273838,0.0
1653902006223103541,0.0
1653902006256367738,0.0
1653902006293720701,0.0
1653902006323584392,0.0
1653902006359524804,0.0
1653902006390686970,0.0
1653902006420971116,0.0
1653902006458534887,0.0
1653902006490268562,0.0
1653902006523518758,0.0
1653902006554064217,0.0
1653902006587043370,0.0
1653902006621461809,0.0
1653902006655855685,0.0
1653902006689240186,0.0
1653902006721259591,0.0
1653902006751314621,0.0
1653902006787506156,0.0
1653902006820985857,0.0
1653902006851291517,0.0
1653902006887322093,0.0
1653902006915728558,0.0
1653902006951349052,0.0
1653902006987289674,0.0
1653902007017846390,0.0
1653902007050059202,0.0
1653902007081118358,0.0
1653902007112525729,0.0
1653902007149351757,0.0
1653902007181157739,0.0
1653902007215740090,0.0
1653902007247364162,0.0
1653902007280587041,0.0
1653902007314635491,0.0
1653902007348635525,0.0
1653902007379663996,0.0
1653902007411703000,0.0
1653902007446721293,0.0
1653902007479355631,0.0
1653902007514146465,0.0
1653902007545658166,0.0
1653902007575900545,0.0
1653902007609758438,0.0
1653902007645172615,0.0
1653902007677221417,0.0
1653902007710489443,0.0
1653902007741264924,0.0
1653902007775949504,0.0
1653902007810498427,0.0
1653902007841971743,0.0
1653902007875507711,0.0
1653902007907146915,0.0
1653902007940713967,0.0
1653902007969889601,0.0
1653902008008135969,0.0
1653902008039241895,0.0
1653902008070657676,0.0
1653902008105119818,0.0
1653902008137877798,0.0
1653902008175191400,0.0
1653902008203956750,0.0
1653902008235817981,0.0
1653902008270557717,0.0
1653902008302080724,0.0
1653902008336602233,0.0
1653902008371385240,0.0
1653902008403067764,0.0
1653902008435668455,0.0
1653902008469575319,0.0
1653902008502114516,0.0
1653902008533111613,0.0
1653902008565884208,0.0
1653902008602931798,0.0
1653902008632038305,0.0
1653902008667107290,0.0
1653902008700198838,0.0
1653902008732509130,0.0
1653902008766330554,0.0
1653902008800044238,0.0
1653902008832112939,0.0
1653902008865788276,0.0
1653902008895498062,0.0
1653902008931570191,0.0
1653902008962651239,0.0
1653902008999904628,0.0
1653902009031086684,0.0
1653902009065460461,0.0
1653902009096236580,0.0
1653902009132461951,0.0
1653902009162739769,0.0
1653902009196519380,0.0
1653902009226423127,0.0
1653902009263465199,0.0
1653902009292913982,0.0
1653902009326406920,0.0
1653902009359491716,0.0
1653902009392389957,0.0
1653902009426379744,0.0
1653902009460814155,0.0
1653902009492609250,0.0
1653902009523193652,0.0
1653902009558630595,0.0
1653902009591626757,0.0
1653902009621588400,0.0
1653902009656075189,0.0
1653902009690455529,0.0
1653902009719740612,0.0
1653902009758798855,0.0
1653902009792208044,0.0
1653902009821855782,0.0
1653902009855542131,0.0
1653902009888502698,0.0
1653902009922585114,0.0
1653902009955662744,0.0
1653902009991566958,0.0
1653902010019643578,0.0
1653902010051942809,0.0
1653902010084756201,0.0
1653902010120156289,0.0
1653902010152217190,0.0
1653902010185270311,0.0
1653902010216699413,0.0
1653902010251832433,0.0
1653902010282025908,0.0
1653902010316108234,0.0
1653902010350210557,0.0
1653902010381022912,0.0
1653902010416096862,0.0
1653902010450638484,0.0
1653902010479881159,0.0
1653902010513836892,0.0
1653902010548290228,0.0
1653902010580447469,0.0
1653902010615666441,0.0
1653902010648463482,0.0
1653902010679161518,0.0
1653902010713112900,0.0
1653902010747906648,0.0
1653902010778745034,0.0
1653902010811793937,0.0
1653902010842729748,0.0
1653902010874851731,0.0
1653902010909321421,0.0
1653902010943321048,0.0
1653902010978513091,0.0
1653902011008854057,0.0
1653902011040095639,0.0
1653902011070985307,0.0
1653902011108779930,0.0
1653902011140473298,0.0
1653902011175489162,0.0
1653902011206153004,0.0
1653902011242965305,0.0
1653902011271195239,0.0
1653902011307277359,0.0
1653902011340869343,0.0
1653902011373241147,0.0
1653902011405900850,0.0
1653902011439743678,0.0
1653902011474512297,0.0
1653902011505537072,0.0
1653902011535393285,0.0
1653902011570605073,0.0
1653902011602409471,0.0
1653902011637681352,0.0
1653902011667568474,0.0
1653902011700956665,0.0
1653902011735508064,0.0
1653902011767924849,0.0
1653902011799982538,0.0
1653902011831667095,0.0
1653902011866454244,0.0
1653902011901125221,0.0
1653902011931094768,0.0
1653902011970373807,0.0
1653902011999580752,0.0
1653902012031143622,0.0
1653902012064909372,0.0
1653902012098245879,0.0
1653902012132863619,0.0
1653902012167409463,0.0
1653902012196621514,0.0
1653902012234262904,0.0
1653902012260945785,0.0
1653902012297567265,0.0
1653902012329899258,0.0
1653902012360518435,0.0
1653902012397079193,0.0
1653902012430221408,0.0
1653902012460476379,0.0
1653902012491700748,0.0
1653902012527184073,0.0
1653902012562728287,0.0
1653902012593629346,0.0
1653902012625913029,0.0
1653902012659856455,0.0
1653902012691103080,0.0
1653902012727758855,0.0
1653902012761129596,0.0
1653902012795651614,0.0
1653902012821291145,0.0
1653902012855602698,0.0
1653902012892485448,0.0
1653902012924795124,0.0
1653902012959259652,0.0
1653902012989237227,0.0
1653902013020780046,0.0
1653902013055726757,0.0
1653902013088089805,0.0
1653902013119387865,0.0
1653902013155317377,0.0
1653902013185519816,0.0
1653902013224350710,0.0
1653902013251173620,0.0
1653902013286540720,0.0
1653902013318554993,0.0
1653902013352399358,0.0
1653902013380352699,0.0
1653902013419691816,0.0
1653902013448734616,0.0
1653902013481920506,0.0
1653902013516116757,0.0
1653902013551874885,0.0
1653902013582808914,0.0
1653902013616635285,0.0
1653902013649551719,0.0
1653902013682291771,0.0
1653902013715931732,0.0
1653902013750034732,0.0
1653902013780927110,0.0
1653902013812310419,0.0
1653902013849777632,0.0
1653902013880909901,0.0
1653902013911850061,0.0
1653902013947161376,0.0
1653902013978808325,0.0
1653902014012442581,0.0
1653902014045194252,0.0
1653902014077378817,0.0
1653902014111153201,0.0
1653902014142368306,0.0
1653902014175069047,0.0
1653902014209918806,0.0
1653902014244421936,0.0
1653902014277173111,0.0
1653902014309439329,0.0
1653902014340345933,0.0
1653902014375361341,0.0
1653902014409571133,0.0
1653902014440396077,0.0
1653902014473590062,0.0
1653902014506401508,0.0
1653902014541760344,0.0
1653902014569737308,0.0
1653902014605879012,0.0
1653902014639335267,0.0
1653902014669543564,0.0
1653902014706391380,0.0
1653902014740297931,0.0
1653902014769794574,0.0
1653902014804294288,0.0
1653902014835912431,0.0
1653902014874530375,0.0
1653902014902072824,0.0
1653902014936901078,0.0
1653902014969315465,0.0
1653902015000975717,0.0
1653902015036922290,0.0
1653902015068723597,0.0
1653902015101030106,0.0
1653902015135021577,0.0
1653902015169128933,0.0
1653902015200633795,0.0
1653902015231216439,0.0
1653902015266285441,0.0
1653902015301789451,0.0
1653902015331772404,0.0
1653902015362067233,0.0
1653902015397737220,0.0
1653902015429342407,0.0
1653902015463124164,0.0
1653902015495922783,0.0
1653902015532112014,0.0
1653902015560291192,0.0
1653902015594383359,0.0
1653902015628730275,0.0
1653902015660930673,0.0
1653902015695217680,0.0
1653902015729620367,0.0
1653902015761127907,0.0
1653902015792470424,0.0
1653902015826918821,0.0
1653902015859469623,0.0
1653902015892218233,0.0
1653902015926591777,0.0
1653902015960410862,0.0
1653902015991977498,0.0
1653902016026237673,0.0
1653902016060797501,0.0
1653902016090720544,0.0
1653902016122793151,0.0
1653902016155716162,0.0
1653902016192401042,0.0
1653902016220953331,0.0
1653902016258117683,0.0
1653902016288723178,0.0
1653902016319967926,0.0
1653902016356684097,0.0
1653902016388660648,0.0
1653902016419077002,0.0
1653902016451690870,0.0
1653902016486233447,0.0
1653902016520890888,0.0
1653902016551765983,0.0
1653902016587837536,0.0
1653902016618820260,0.0
1653902016648793036,0.0
1653902016684853550,0.0
1653902016718504160,0.0
1653902016751448968,0.0
1653902016781932970,0.0
1653902016813281808,0.0
1653902016851897819,0.0
1653902016882743934,0.0
1653902016916812058,0.0
1653902016949170447,0.0
1653902016981170922,0.0
1653902017015198062,0.0
1653902017049108490,0.0
1653902017081518553,0.0
1653902017115091712,0.0
1653902017145199531,0.0
1653902017180698706,0.0
1653902017211786773,0.0
1653902017247584567,0.0
1653902017280361293,0.0
1653902017309051446,0.0
1653902017345307189,0.0
1653902017378977147,0.0
1653902017409771633,0.0
1653902017441966708,0.0
1653902017475813337,0.0
1653902017509544156,0.0
1653902017541041743,0.0
1653902017575466353,0.0
1653902017609170976,0.0
1653902017640412851,0.0
1653902017676282525,0.0
1653902017708525137,0.0
1653902017740388836,0.0
1653902017770859084,0.0
1653902017808584966,0.0
1653902017840903630,0.0
1653902017873755625,0.0
1653902017906161965,0.0
1653902017939764897,0.0
1653902017971459419,0.0
1653902018005161990,0.0
1653902018037393931,0.0
1653902018068633420,0.0
1653902018101609687,0.0
1653902018134018717,0.0
1653902018170566804,0.0
1653902018201211422,0.0
1653902018235862639,0.0
1653902018268249231,0.0
1653902018299124637,0.0
1653902018334001911,0.0
1653902018368027733,0.0
1653902018400544951,0.0
1653902018433279748,0.0
1653902018465117556,0.0
1653902018500476170,0.0
1653902018532015800,0.0
1653902018566996638,0.0
1653902018599979498,0.0
1653902018632204619,0.0
1653902018661527030,0.0
1653902018697651154,0.0
1653902018730697938,0.0
1653902018766037311,0.0
1653902018795030979,0.0
1653902018830567707,0.0
1653902018864568384,0.0
1653902018895855264,0.0
1653902018929123899,0.0
1653902018960440164,0.0
1653902018995157237,0.0
1653902019028253406,0.0
1653902019060712616,0.0
1653902019092704776,0.0
1653902019125821478,0.0
1653902019159872719,0.0
1653902019192211913,0.0
1653902019226263394,0.0
1653902019260594023,0.0
1653902019291883838,0.0
1653902019325876007,0.0
1653902019360012901,0.0
1653902019393223465,0.0
1653902019422093688,0.0
1653902019457424354,0.0
1653902019493963300,0.0
1653902019525584837,0.0
1653902019557507238,0.0
1653902019589763899,0.0
1653902019619738869,0.0
1653902019657684181,0.0
1653902019689649224,0.0
1653902019718826154,0.0
1653902019751890509,0.0
1653902019784881101,0.0
1653902019821951647,0.0
1653902019852333450,0.0
1653902019885422097,0.0
1653902019918286857,0.0
1653902019950357687,0.0
1653902019985225104,0.0
1653902020017439794,0.0
1653902020050620489,0.0
1653902020084259376,0.0
1653902020114759082,0.0
1653902020152085483,0.0
1653902020184573657,0.0
1653902020214286380,0.0
1653902020250025921,0.0
1653902020280620457,0.0
1653902020316430392,0.0
1653902020349917419,0.0
1653902020380594002,0.0
1653902020412172108,0.0
1653902020445989414,0.0
1653902020480940078,0.0
1653902020510628153,0.0
1653902020546014085,0.0
1653902020579808211,0.0
1653902020610485161,0.0
1653902020646255482,0.0
1653902020677060779,0.0
1653902020709795010,0.0
1653902020740009120,0.0
1653902020775563656,0.0
1653902020812553844,0.0
1653902020840562938,0.0
1653902020875984785,0.0
1653902020909055382,0.0
1653902020940225520,0.0
1653902020974654530,0.0
1653902021011299118,0.0
1653902021040060563,0.0
1653902021070925108,0.0
1653902021104868499,0.0
1653902021144778057,0.0
1653902021174322510,0.0
1653902021206962496,0.0
1653902021240485288,0.0
1653902021273924215,0.0
1653902021306323710,0.0
1653902021338856841,0.0
1653902021370628235,0.0
1653902021404914057,0.0
1653902021436611434,0.0
1653902021472181143,0.0
1653902021500226157,0.0
1653902021536569815,0.0
1653902021567249627,0.0
1653902021601354407,0.0
1653902021636238223,0.0
1653902021669206568,0.0
1653902021700129713,0.0
1653902021733793589,0.0
1653902021765691117,0.0
1653902021800339205,0.0
1653902021830273338,0.0
1653902021867170694,0.0
1653902021897780290,0.0
1653902021930254012,0.0
1653902021961024245,0.0
1653902021998167733,0.0
1653902022029942230,0.0
1653902022067190626,0.0
1653902022096637273,0.0
1653902022130257938,0.0
1653902022164849486,0.0
1653902022196509823,0.0
1653902022229353198,0.0
1653902022259964501,0.0
1653902022294207777,0.0
1653902022327863308,0.0
1653902022359822027,0.0
1653902022393495057,0.0
1653902022425803662,0.0
1653902022460471571,0.0
1653902022491945577,0.0
1653902022528681878,0.0
1653902022558519724,0.0
1653902022591696166,0.0
1653902022624162985,0.0
1653902022659678192,0.0
1653902022689924731,0.0
1653902022723014111,0.0
1653902022756557396,0.0
1653902022791120616,0.0
1653902022822548267,0.0
1653902022859290753,0.0
1653902022889718283,0.0
1653902022918070576,0.0
1653902022956367409,0.0
1653902022987110106,0.0
1653902023017643971,0.0
1653902023053115033,0.0
1653902023084124254,0.0
1653902023119639431,0.0
1653902023150522394,0.0
1653902023185499655,0.0
1653902023218451597,0.0
1653902023250411839,0.0
1653902023280443863,0.0
1653902023316868147,0.0
1653902023349945125,0.0
1653902023381098252,0.0
1653902023415301089,0.0
1653902023449118079,0.0
1653902023484454216,0.0
1653902023515999107,0.0
1653902023546698437,0.0
1653902023579665598,0.0
1653902023616510383,0.0
1653902023648777963,0.0
1653902023681000858,0.0
1653902023713779852,0.0
1653902023745697003,0.0
1653902023782970823,0.0
1653902023810041057,0.0
1653902023845592730,0.0
1653902023879194643,0.0
1653902023909316793,0.0
1653902023945228800,0.0
1653902023980744265,0.0
1653902024009680027,0.0
1653902024044061010,0.0
1653902024074185735,0.0
1653902024113056509,0.0
1653902024140653699,0.0
1653902024175645465,0.0
1653902024209407334,0.0
1653902024240546159,0.0
1653902024269870749,0.0
1653902024308430833,0.0
1653902024338546506,0.0
1653902024371908928,0.0
1653902024404644333,0.0
1653902024440325802,0.0
1653902024468288306,0.0
1653902024505702900,0.0
1653902024536646187,0.0
1653902024570653010,0.0
1653902024604518639,0.0
1653902024637521884,0.0
1653902024667893347,0.0
1653902024703928922,0.0
1653902024733790602,0.0
1653902024770041451,0.0
1653902024801122368,0.0
1653902024837295769,0.0
1653902024869018816,0.0
1653902024898019097,0.0
1653902024935602867,0.0
1653902024970218926,0.0
1653902025000568593,0.0
1653902025034043447,0.0
1653902025064384609,0.0
1653902025098662472,0.0
1653902025130777248,0.0
1653902025165696043,0.0
1653902025198293965,0.0
1653902025230668131,0.0
1653902025264597507,0.0
1653902025298323920,0.0
1653902025328432529,0.0
1653902025363832914,0.0
1653902025394316406,0.0
1653902025431309998,0.0
1653902025460403430,0.0
1653902025496798818,0.0
1653902025527691440,0.0
1653902025558031785,0.0
1653902025594328382,0.0
1653902025628364450,0.0
1653902025660265853,0.0
1653902025689887401,0.0
1653902025725946152,0.0
1653902025759188340,0.0
1653902025793133664,0.0
1653902025826103058,0.0
1653902025857592154,0.0
1653902025889799893,0.0
1653902025926103389,0.0
1653902025957335217,0.0
1653902025989669301,0.0
1653902026023233024,0.0
1653902026056288044,0.0
1653902026090396974,0.0
1653902026121237835,0.0
1653902026156705493,0.0
1653902026189474602,0.0
1653902026219773313,0.0
1653902026253472420,0.0
1653902026289753935,0.0
1653902026317716813,0.0
1653902026350293168,0.0
1653902026386867984,0.0
1653902026420203196,0.0
1653902026453192267,0.0
1653902026489437461,0.0
1653902026517786021,0.0
1653902026550277038,0.0
1653902026586569069,0.0
1653902026618459270,0.0
1653902026650478826,0.0
1653902026682559601,0.0
1653902026714707455,0.0
1653902026750282498,0.0
1653902026782087030,0.0
1653902026816858070,0.0
1653902026848998770,0.0
1653902026878936210,0.0
1653902026914160034,0.0
1653902026946505968,0.0
1653902026979895972,0.0
1653902027012819654,0.0
1653902027044531935,0.0
1653902027079100018,0.0
1653902027109886387,0.0
1653902027146948835,0.0
1653902027179531495,0.0
1653902027209934233,0.0
1653902027238777534,0.0
1653902027279369158,0.0
1653902027309820052,0.0
1653902027342009654,0.0
1653902027375101728,0.0
1653902027409650263,0.0
1653902027442064616,0.0
1653902027475214869,0.0
1653902027508505776,0.0
1653902027539813612,0.0
1653902027575031993,0.0
1653902027609473362,0.0
1653902027637538532,0.0
1653902027669776111,0.0
1653902027704638882,0.0
1653902027738681900,0.0
1653902027768220334,0.0
1653902027803213980,0.0
1653902027837440587,0.0
1653902027869175466,0.0
1653902027904368560,0.0
1653902027938752284,0.0
1653902027970267551,0.0
1653902028001370273,0.0
1653902028034356070,0.0
1653902028069487699,0.0
1653902028103060050,0.0
1653902028135986123,0.0
1653902028168438271,0.0
1653902028198174343,0.0
1653902028230801750,0.0
1653902028269082200,0.0
1653902028298962938,0.0
1653902028333230852,0.0
1653902028368275737,0.0
1653902028400177519,0.0
1653902028430664788,0.0
1653902028463118717,0.0
1653902028495402281,0.0
1653902028528928769,0.0
1653902028564596708,0.0
1653902028598125258,0.0
1653902028628225207,0.0
1653902028661062396,0.0
1653902028693697528,0.0
1653902028730534882,0.0
1653902028761173627,0.0
1653902028794692040,0.0
1653902028830126343,0.0
1653902028859519668,0.0
1653902028894310777,0.0
1653902028927620760,0.0
1653902028959528961,0.0
1653902028992440174,0.0
1653902029025387989,0.0
1653902029059187224,0.0
1653902029092749759,0.0
1653902029125107003,0.0
1653902029159061004,0.0
1653902029188888116,0.0
1653902029219191963,0.0
1653902029257825079,0.0
1653902029288481123,0.0
1653902029323244180,0.0
1653902029355594684,0.0
1653902029389664150,0.0
1653902029418918319,0.0
1653902029456941248,0.0
1653902029487331629,0.0
1653902029518723029,0.0
1653902029549133962,0.0
1653902029587462080,0.0
1653902029619271069,0.0
1653902029653270795,0.0
1653902029684589262,0.0
1653902029718941167,0.0
1653902029751660853,0.0
1653902029786587951,0.0
1653902029817716776,0.0
1653902029849021960,0.0
1653902029884517984,0.0
1653902029919200983,0.0
1653902029949024172,0.0
1653902029979261964,0.0
1653902030014862060,0.0
1653902030049739292,0.0
1653902030086562253,0.0
1653902030115511350,0.0
1653902030148537585,0.0
1653902030178809024,0.0
1653902030209370786,0.0
1653902030247783777,0.0
1653902030279282010,0.0
1653902030309568064,0.0
1653902030345168342,0.0
1653902030379711923,0.0
1653902030409504634,0.0
1653902030445451250,0.0
1653902030476901188,0.0
1653902030508892087,0.0
1653902030544280562,0.0
1653902030577185979,0.0
1653902030609222985,0.0
1653902030641439419,0.0
1653902030674450989,0.0
1653902030708470496,0.0
1653902030739003580,0.0
1653902030775573465,0.0
1653902030807104953,0.0
1653902030838580155,0.0
1653902030873750919,0.0
1653902030907727942,0.0
1653902030938134168,0.0
1653902030972715425,0.0
1653902031004368849,0.0
1653902031039238528,0.0
1653902031068650291,0.0
1653902031105481790,0.0
1653902031137293063,0.0
1653902031171959346,0.0
1653902031199504117,0.0
1653902031238527256,0.0
1653902031272470727,0.0
1653902031301409161,0.0
1653902031334356624,0.0
1653902031368363754,0.0
1653902031401827136,0.0
1653902031434946239,0.0
1653902031467191458,0.0
1653902031499961295,0.0
1653902031532771831,0.0
1653902031568401426,0.0
1653902031601662124,0.0
1653902031630499848,0.0
1653902031664403569,0.0
1653902031699766491,0.0
1653902031730420659,0.0
1653902031764634600,0.0
1653902031797313499,0.0
1653902031828777611,0.0
1653902031864251050,0.0
1653902031897668725,0.0
1653902031929364952,0.0
1653902031963947952,0.0
1653902031993269083,0.0
1653902032030129748,0.0
1653902032064439129,0.0
1653902032097384451,0.0
1653902032129868956,0.0
1653902032159197213,0.0
1653902032194653237,0.0
1653902032230194366,0.0
1653902032258678302,0.0
1653902032292774639,0.0
1653902032325155540,0.0
1653902032358651499,0.0
1653902032388858832,0.0
1653902032424494127,0.0
1653902032457645706,0.0
1653902032488543122,0.0
1653902032524240960,0.0
1653902032558008175,0.0
1653902032589970771,0.0
1653902032621084235,0.0
1653902032655475683,0.0
1653902032688491161,0.0
1653902032718908951,0.0
1653902032757583547,0.0
1653902032787085398,0.0
1653902032817640392,0.0
1653902032855131699,0.0
1653902032887123328,0.0
1653902032919789751,0.0
1653902032953041124,0.0
1653902032985147473,0.0
1653902033017820952,0.0
1653902033052022229,0.0
1653902033085663971,0.0
1653902033116287847,0.0
1653902033147053740,0.0
1653902033184247825,0.0
1653902033217114326,0.0
1653902033246857138,0.0
1653902033280545631,0.0
1653902033312130732,0.0
1653902033347848206,0.0
1653902033380733973,0.0
1653902033412797009,0.0
1653902033446691730,0.0
1653902033477150744,0.0
1653902033515309320,0.0
1653902033546700458,0.0
1653902033576800688,0.0
1653902033611803429,0.0
1653902033647008823,0.0
1653902033679440892,0.0
1653902033711743665,0.0
1653902033746183598,0.0
1653902033776363459,0.0
1653902033807824534,0.0
1653902033843338157,0.0
1653902033876159299,0.0
1653902033907999981,0.0
1653902033943335076,0.0
1653902033971809107,0.0
1653902034010462337,0.0
1653902034038846044,0.0
1653902034075136438,0.0
1653902034107095066,0.0
1653902034139055830,0.0
1653902034169030331,0.0
1653902034207091371,0.0
1653902034239832973,0.0
1653902034271246876,0.0
1653902034305991927,0.0
1653902034340164771,0.0
1653902034368840128,0.0
1653902034406728400,0.0
1653902034437363824,0.0
1653902034472488220,0.0
1653902034505095876,0.0
1653902034538250292,0.0
1653902034569848699,0.0
1653902034602249950,0.0
1653902034633772120,0.0
1653902034668405204,0.0
1653902034701368918,0.0
1653902034733907414,0.0
1653902034765603202,0.0
1653902034798071845,0.0
1653902034832586441,0.0
1653902034869720419,0.0
1653902034902416130,0.0
1653902034932930189,0.0
1653902034963495638,0.0
1653902034999514699,0.0
1653902035031975024,0.0
1653902035064467071,0.0
1653902035097880445,0.0
1653902035129660411,0.0
1653902035164094449,0.0
1653902035196978353,0.0
1653902035228681231,0.0
1653902035262094309,0.0
1653902035293542020,0.0
1653902035328705132,0.0
1653902035363050999,0.0
1653902035392262107,0.0
1653902035425413628,0.0
1653902035458219956,0.0
1653902035493573385,0.0
1653902035527645166,0.0
1653902035558626993,0.0
1653902035592177440,0.0
1653902035623743014,0.0
1653902035658803556,0.0
1653902035697254418,0.0
1653902035723272589,0.0
1653902035757725647,0.0
1653902035788105336,0.0
1653902035822925320,0.0
1653902035857885121,0.0
1653902035887787488,0.0
1653902035922799153,0.0
1653902035954920868,0.0
1653902035988355282,0.0
1653902036023307543,0.0
1653902036056366047,0.0
1653902036088276022,0.0
1653902036118223821,0.0
1653902036150278187,0.0
1653902036187708788,0.0
1653902036220170110,0.0
1653902036251583614,0.0
1653902036284151919,0.0
1653902036318776887,0.0
1653902036350353530,0.0
1653902036383340026,0.0
1653902036415510099,0.0
1653902036449759540,0.0
1653902036479572862,0.0
1653902036516812433,0.0
1653902036548626902,0.0
1653902036584038392,0.0
1653902036612783088,0.0
1653902036647362178,0.0
1653902036679829705,0.0
1653902036716216146,0.0
1653902036748270685,0.0
1653902036783107758,0.0
1653902036813866079,0.0
1653902036846934698,0.0
1653902036877513259,0.0
1653902036913632669,0.0
1653902036944092533,0.0
1653902036980067239,0.0
1653902037011262417,0.0
1653902037045189735,0.0
1653902037076755214,0.0
1653902037108574553,0.0
1653902037139844362,0.0
1653902037176595885,0.0
1653902037207477537,0.0
1653902037240029148,0.0
1653902037273634627,0.0
1653902037310811294,0.0
1653902037339460524,0.0
1653902037374639956,0.0
1653902037405740489,0.0
1653902037439023451,0.0
1653902037474059450,0.0
1653902037506626853,0.0
1653902037538300332,0.0
1653902037568980677,0.0
1653902037606926332,0.0
1653902037638757113,0.0
1653902037666134509,0.0
1653902037703407063,0.0
1653902037736872186,0.0
1653902037771752974,0.0
1653902037803604074,0.0
1653902037836415923,0.0
1653902037873184242,0.0
1653902037903509286,0.0
1653902037931209599,0.0
1653902037968028550,0.0
1653902037998081950,0.0
1653902038035404473,0.0
1653902038064771052,0.0
1653902038098050417,0.0
1653902038128197608,0.0
1653902038167477526,0.0
1653902038197653054,0.0
1653902038228362181,0.0
1653902038263670277,0.0
1653902038298397003,0.0
1653902038329749383,0.0
1653902038364463898,0.0
1653902038396224884,0.0
1653902038429054991,0.0
1653902038458911076,0.0
1653902038496297940,0.0
1653902038528629150,0.0
1653902038561580490,0.0
1653902038592441456,0.0
1653902038627544771,0.0
1653902038661523088,0.0
1653902038693763116,0.0
1653902038727199474,0.0
1653902038759424578,0.0
1653902038789036661,0.0
1653902038826909028,0.0
1653902038858220116,0.0
1653902038891939880,0.0
1653902038920931455,0.0
1653902038957652846,0.0
1653902038988805993,0.0
1653902039026693097,0.0
1653902039056528483,0.0
1653902039087785634,0.0
1653902039118191291,0.0
1653902039155953702,0.0
1653902039188910843,0.0
1653902039221133330,0.0
1653902039254160933,0.0
1653902039288358750,0.0
1653902039320930258,0.0
1653902039354554908,0.0
1653902039385973811,0.0
1653902039417464497,0.0
1653902039454097570,0.0
1653902039486971288,0.0
1653902039518042405,0.0
1653902039548309210,0.0
1653902039582069995,0.0
1653902039619667487,0.0
1653902039648522642,0.0
1653902039683915297,0.0
1653902039716498497,0.0
1653902039747908034,0.0
1653902039783073776,0.0
1653902039816279757,0.0
1653902039848318817,0.0
1653902039881575388,0.0
1653902039913236941,0.0
1653902039948422483,0.0
1653902039978585332,0.0
1653902040013629642,0.0
1653902040046962616,0.0
1653902040078399060,0.0
1653902040111307239,0.0
1653902040146935492,0.0
1653902040179311941,0.0
1653902040209265794,0.0
1653902040243217961,0.0
1653902040279136057,0.0
1653902040308482886,0.0
1653902040346057504,0.0
1653902040373811372,0.0
1653902040408122617,0.0
1653902040442395918,0.0
1653902040478486217,0.0
1653902040508169217,0.0
1653902040539293391,0.0
1653902040572726303,0.0
1653902040607755152,0.0
1653902040638955280,0.0
1653902040673256194,0.0
1653902040707532990,0.0
1653902040736976607,0.0
1653902040773539315,0.0
1653902040807862272,0.0
1653902040841209990,0.0
1653902040871660425,0.0
1653902040903544476,0.0
1653902040935785399,0.0
1653902040969707770,0.0
1653902041004238885,0.0
1653902041036045327,0.0
1653902041070228005,0.0
1653902041103240219,0.0
1653902041138071337,0.0
1653902041171582078,0.0
1653902041204061141,0.0
1653902041234590442,0.0
1653902041268228340,0.0
1653902041299681980,0.0
1653902041334520128,0.0
1653902041364731180,0.0
1653902041397135545,0.0
1653902041433235441,0.0
1653902041468911745,0.0
1653902041495938623,0.0
1653902041529587959,0.0
1653902041564635096,0.0
1653902041599217592,0.0
1653902041632765155,0.0
1653902041663095009,0.0
1653902041696528044,0.0
1653902041725852837,0.0
1653902041761584541,0.0
1653902041796333656,0.0
1653902041826452000,0.0
1653902041862625018,0.0
1653902041892622648,0.0
1653902041928351549,0.0
1653902041961126532,0.0
1653902041994387179,0.0
1653902042024858950,0.0
1653902042057530350,0.0
1653902042088026302,0.0
1653902042126163075,0.0
1653902042157197772,0.0
1653902042190553517,0.0
1653902042223750701,0.0
1653902042259209953,0.0
1653902042288704673,0.0
1653902042322799660,0.0
1653902042361667465,0.0
1653902042388464543,0.0
1653902042423860104,0.0
1653902042456429351,0.0
1653902042491886556,0.0
1653902042518616621,0.0
1653902042554031944,0.0
1653902042588120809,0.0
1653902042621130704,0.0
1653902042653787191,0.0
1653902042686586189,0.0
1653902042715055055,0.0
1653902042747754273,0.0
1653902042787235326,0.0
1653902042817645802,0.0
1653902042855802241,0.0
1653902042884174416,0.0
1653902042916495844,0.0
1653902042947561641,0.0
1653902042982762691,0.0
1653902043015562143,0.0
1653902043051724966,0.0
1653902043078713797,0.0
1653902043116461242,0.0
1653902043147362829,0.0
1653902043183978477,0.0
1653902043213884658,0.0
1653902043248225146,0.0
1653902043279122151,0.0
1653902043313647212,0.0
1653902043344810317,0.0
1653902043377714482,0.0
1653902043408651465,0.0
1653902043446104596,0.0
1653902043477573469,0.0
1653902043512228296,0.0
1653902043541199241,0.0
1653902043580485296,0.0
1653902043608014601,0.0
1653902043643798363,0.0
1653902043675962282,0.0
1653902043707183632,0.0
1653902043738659746,0.0
1653902043776988258,0.0
1653902043807580833,0.0
1653902043846086182,0.0
1653902043873212881,0.0
1653902043908114982,0.0
1653902043939334212,0.0
1653902043972572538,0.0
1653902044005364903,0.0
1653902044036947602,0.0
1653902044068476224,0.0
1653902044106857458,0.0
1653902044136640060,0.0
1653902044171473860,0.0
1653902044202897831,0.0
1653902044237000144,0.0
1653902044267216948,0.0
1653902044303384886,0.0
1653902044336206886,0.0
1653902044368112644,0.0
1653902044402790561,0.0
1653902044436630856,0.0
1653902044471366076,0.0
1653902044499325709,0.0
1653902044532946599,0.0
1653902044567962121,0.0
1653902044599752444,0.0
1653902044634346775,0.0
1653902044664109990,0.0
1653902044697023054,0.0
1653902044731819877,0.0
1653902044767444189,0.0
1653902044799384521,0.0
1653902044831916955,0.0
1653902044862808159,0.0
1653902044900311573,0.0
1653902044931489076,0.0
1653902044964045092,0.0
1653902044996201557,0.0
1653902045026730674,0.0
1653902045062513034,0.0
1653902045095299510,0.0
1653902045126938339,0.0
1653902045162497221,0.0
1653902045193187072,0.0
1653902045226558991,0.0
1653902045259618278,0.0
1653902045292633874,0.0
1653902045326211141,0.0
1653902045357338751,0.0
1653902045392802399,0.0
1653902045426538123,0.0
1653902045456891407,0.0
1653902045491078787,0.0
1653902045523257168,0.0
1653902045556894460,0.0
1653902045588001277,0.0
1653902045623002615,0.0
1653902045656966069,0.0
1653902045688349837,0.0
1653902045720513864,0.0
1653902045756028440,0.0
1653902045788339632,0.0
1653902045821519980,0.0
1653902045854249534,0.0
1653902045888101293,0.0
1653902045918174096,0.0
1653902045955458488,0.0
1653902045985573195,0.0
1653902046017239030,0.0
1653902046049455688,0.0
1653902046084930441,0.0
1653902046118288294,0.0
1653902046150848654,0.0
1653902046185959215,0.0
1653902046216382327,0.0
1653902046248821844,0.0
1653902046283926899,0.0
1653902046314627334,0.0
1653902046346132523,0.0
1653902046383232083,0.0
1653902046415862494,0.0
1653902046448119608,0.0
1653902046479201065,0.0
1653902046511680117,0.0
1653902046547305023,0.0
1653902046577514061,0.0
1653902046614952377,0.0
1653902046645438127,0.0
1653902046675036746,0.0
1653902046711411435,0.0
1653902046746712131,0.0
1653902046777320926,0.0
1653902046810106357,0.0
1653902046843434349,0.0
1653902046876784898,0.0
1653902046907239572,0.0
1653902046943161291,0.0
1653902046973631077,0.0
1653902047007937906,0.0
1653902047037844831,0.0
1653902047077487619,0.0
1653902047106262454,0.0
1653902047137342385,0.0
1653902047173068059,0.0
1653902047208856117,0.0
1653902047237603014,0.0
1653902047272371912,0.0
1653902047305076581,0.0
1653902047335536314,0.0
1653902047370627083,0.0
1653902047406384887,0.0
1653902047436745983,0.0
1653902047470743057,0.0
1653902047503090264,0.0
1653902047535409462,0.0
1653902047568898082,0.0
1653902047601266166,0.0
1653902047633602604,0.0
1653902047667776419,0.0
1653902047702964110,0.0
1653902047735151294,0.0
1653902047766793343,0.0
1653902047800233518,0.0
1653902047831299823,0.0
1653902047868215275,0.0
1653902047897645236,0.0
1653902047932970873,0.0
1653902047967214500,0.0
1653902047997153712,0.0
1653902048031374016,0.0
1653902048067239828,0.0
1653902048098192679,0.0
1653902048130199724,0.0
1653902048162477118,0.0
1653902048197172167,0.0
1653902048227576535,0.0
1653902048262958552,0.0
1653902048294068530,0.0
1653902048325829144,0.0
1653902048356810896,0.0
1653902048396959057,0.0
1653902048428066961,0.0
1653902048460475807,0.0
1653902048492356740,0.0
1653902048528229716,0.0
1653902048558935366,0.0
1653902048591898252,0.0
1653902048624207226,0.0
1653902048658113995,0.0
1653902048692407764,0.0
1653902048725919887,0.0
1653902048755693519,0.0
1653902048791894582,0.0
1653902048821751007,0.0
1653902048857265693,0.0
1653902048887847301,0.0
1653902048923754771,0.0
1653902048955413718,0.0
1653902048987126225,0.0
1653902049021849000,0.0
1653902049055908400,0.0
1653902049085386466,0.0
1653902049117938287,0.0
1653902049153428125,0.0
1653902049188766833,0.0
1653902049217167401,0.0
1653902049253610999,0.0
1653902049285189488,0.0
1653902049317069908,0.0
1653902049352862162,0.0
1653902049386727619,0.0
1653902049420613301,0.0
1653902049450241573,0.0
1653902049483609762,0.0
1653902049517509263,0.0
1653902049550717076,0.0
1653902049583401071,0.0
1653902049619294858,0.0
1653902049647313891,0.0
1653902049679227004,0.0
1653902049715521120,0.0
1653902049747186684,0.0
1653902049780750719,0.0
1653902049811959614,0.0
1653902049847345699,0.0
1653902049878537588,0.0
1653902049913892229,0.0
1653902049945419708,0.0
1653902049978337497,0.0
1653902050007657159,0.0
1653902050046188581,0.0
1653902050077692562,0.0
1653902050108861133,0.0
1653902050144375265,0.0
1653902050178590628,0.0
1653902050208857897,0.0
1653902050244521762,0.0
1653902050274774453,0.0
1653902050308170157,0.0
1653902050336816485,0.0
1653902050375077323,0.0
1653902050407263115,0.0
1653902050440751471,0.0
1653902050471569643,0.0
1653902050507477517,0.0
1653902050536859191,0.0
1653902050572782186,0.0
1653902050605462438,0.0
1653902050635972819,0.0
1653902050668938306,0.0
1653902050704655249,0.0
1653902050736913109,0.0
1653902050770335009,0.0
1653902050805532579,0.0
1653902050836711388,0.0
1653902050869031895,0.0
1653902050903339095,0.0
1653902050932972676,0.0
1653902050966344402,0.0
1653902050997711754,0.0
1653902051036887805,0.0
1653902051065413598,0.0
1653902051099500507,0.0
1653902051132646913,0.0
1653902051165195772,0.0
1653902051199389088,0.0
1653902051232483466,0.0
1653902051263495293,0.0
1653902051296888021,0.0
1653902051333187663,0.0
1653902051365775495,0.0
1653902051396677814,0.0
1653902051428853552,0.0
1653902051462875440,0.0
1653902051497368275,0.0
1653902051529485922,0.0
1653902051561392174,0.0
1653902051595178855,0.0
1653902051626789998,0.0
1653902051657289991,0.0
1653902051695613188,0.0
1653902051725372702,0.0
1653902051762679709,0.0
1653902051791706660,0.0
1653902051829212297,0.0
1653902051856981802,0.0
1653902051891256594,0.0
1653902051926413471,0.0
1653902051956234095,0.0
1653902051987587850,0.0
1653902052025719380,0.0
1653902052055837281,0.0
1653902052089919288,0.0
1653902052126434242,0.0
1653902052156730433,0.0
1653902052188556954,0.0
1653902052222485606,0.0
1653902052255366565,0.0
1653902052288750406,0.0
1653902052322789483,0.0
1653902052353465495,0.0
1653902052385015996,0.0
1653902052418339542,0.0
1653902052452846749,0.0
1653902052487580454,0.0
1653902052518006539,0.0
1653902052552919535,0.0
1653902052584814818,0.0
1653902052616134537,0.0
1653902052647968432,0.0
1653902052685570870,0.0
1653902052716548502,0.0
1653902052749735902,0.0
1653902052782652733,0.0
1653902052817248174,0.0
1653902052847902350,0.0
1653902052883220096,0.0
1653902052915111838,0.0
1653902052948174764,0.0
1653902052977359959,0.0
1653902053017012423,0.0
1653902053047823761,0.0
1653902053080196965,0.0
1653902053111312752,0.0
1653902053146435427,0.0
1653902053177851449,0.0
1653902053209944458,0.0
1653902053245723620,0.0
1653902053275488208,0.0
1653902053310419590,0.0
1653902053346937728,0.0
1653902053377184217,0.0
1653902053409333654,0.0
1653902053442278432,0.0
1653902053476572027,0.0
1653902053512652073,0.0
1653902053542061159,0.0
1653902053575958965,0.0
1653902053607993505,0.0
1653902053638789905,0.0
1653902053674131492,0.0
1653902053708495055,0.0
1653902053741212041,0.0
1653902053772250710,0.0
1653902053805884545,0.0
1653902053837962412,0.0
1653902053873060989,0.0
1653902053904951503,0.0
1653902053935710443,0.0
1653902053969110524,0.0
1653902054005084659,0.0
1653902054035565901,0.0
1653902054067902860,0.0
1653902054102206333,0.0
1653902054136152971,0.0
1653902054167837804,0.0
1653902054201107644,0.0
1653902054233774501,0.0
1653902054267244794,0.0
1653902054296030685,0.0
1653902054333963382,0.0
1653902054365209876,0.0
1653902054400236400,0.0
1653902054430880674,0.0
1653902054466788180,0.0
1653902054497999252,0.0
1653902054533460274,0.0
1653902054566613181,0.0
1653902054594402150,0.0
1653902054631078266,0.0
1653902054666819608,0.0
1653902054695820289,0.0
1653902054730352675,0.0
1653902054761175104,0.0
1653902054798192344,0.0
1653902054826724550,0.0
1653902054863393623,0.0
1653902054894075478,0.0
1653902054926283685,0.0
1653902054959260261,0.0
1653902054993799019,0.0
1653902055024716707,0.0
1653902055060817189,0.0
1653902055092025679,0.0
1653902055127702529,0.0
1653902055158692856,0.0
1653902055189828078,0.0
1653902055223213272,0.0
1653902055254544437,0.0
1653902055292297059,0.0
1653902055324300772,0.0
1653902055354378896,0.0
1653902055388701921,0.0
1653902055421155914,0.0
1653902055455617318,0.0
1653902055486249390,0.0
1653902055522103337,0.0
1653902055554188902,0.0
1653902055585014216,0.0
1653902055621322938,0.0
1653902055654018398,0.0
1653902055685489661,0.0
1653902055721425529,0.0
1653902055752602233,0.0
1653902055786336290,0.0
1653902055816525510,0.0
1653902055853931252,0.0
1653902055885529328,0.0
1653902055915383040,0.0
1653902055952509561,0.0
1653902055986298878,0.0
1653902056016969396,0.0
1653902056049935091,0.0
1653902056084945923,0.0
1653902056115856386,0.0
1653902056147838139,0.0
1653902056182610015,0.0
1653902056213845478,0.0
1653902056249429424,0.0
1653902056281668838,0.0
1653902056314558004,0.0
1653902056345031573,0.0
1653902056381357661,0.0
1653902056411010750,0.0
1653902056447735550,0.0
1653902056476679013,0.0
1653902056510514599,0.0
1653902056545071239,0.0
1653902056573562317,0.0
1653902056606407657,0.0
1653902056644934222,0.0
1653902056676005898,0.0
1653902056709073707,0.0
1653902056744697344,0.0
1653902056774715308,0.0
1653902056805463678,0.0
1653902056841994650,0.0
1653902056874790505,0.0
1653902056905593691,0.0
1653902056936141928,0.0
1653902056973423344,0.0
1653902057005361675,0.0
1653902057040652427,0.0
1653902057071362530,0.0
1653902057106099899,0.0
1653902057136485469,0.0
1653902057171917076,0.0
1653902057204146045,0.0
1653902057234618738,0.0
1653902057269321795,0.0
1653902057305755312,0.0
1653902057335069693,0.0
1653902057369154451,0.0
1653902057400856672,0.0
1653902057436825301,0.0
1653902057463450851,0.0
1653902057502289435,0.0
1653902057534085427,0.0
1653902057567484209,0.0
1653902057600762216,0.0
1653902057634728937,0.0
1653902057663900521,0.0
1653902057700037607,0.0
1653902057729896362,0.0
1653902057766323406,0.0
1653902057796568287,0.0
1653902057832954437,0.0
1653902057866035521,0.0
1653902057895166343,0.0
1653902057930832867,0.0
1653902057963511192,0.0
1653902058000509059,0.0
1653902058027462079,0.0
1653902058063733043,0.0
1653902058096061555,0.0
1653902058126164219,0.0
1653902058161081959,0.0
1653902058196714305,0.0
1653902058226110834,0.0
1653902058256427334,0.0
1653902058293271711,0.0
1653902058326874212,0.0
1653902058361401728,0.0
1653902058392665992,0.0
1653902058425776624,0.0
1653902058456754481,0.0
1653902058492657526,0.0
1653902058522430647,0.0
1653902058555544367,0.0
1653902058590607828,0.0
1653902058625290632,0.0
1653902058654634598,0.0
1653902058689984443,0.0
1653902058721761822,0.0
1653902058756978015,0.0
1653902058786942823,0.0
1653902058822150113,0.0
1653902058855125448,0.0
1653902058886258005,0.0
1653902058917287560,0.0
1653902058955100590,0.0
1653902058987291174,0.0
1653902059021277375,0.0
1653902059052815758,0.0
1653902059086724241,0.0
1653902059117050570,0.0
1653902059152585173,0.0
1653902059185442107,0.0
1653902059214418174,0.0
1653902059253330971,0.0
1653902059284461545,0.0
1653902059316615375,0.0
1653902059349120654,0.0
1653902059381442567,0.0
1653902059413304041,0.0
1653902059446720706,0.0
1653902059482650248,0.0
1653902059514539216,0.0
1653902059547318505,0.0
1653902059582297321,0.0
1653902059614657921,0.0
1653902059646690749,0.0
1653902059680586690,0.0
1653902059710178482,0.0
1653902059747901759,0.0
1653902059781077543,0.0
1653902059813042208,0.0
1653902059844553558,0.0
1653902059875320218,0.0
1653902059909587523,0.0
1653902059945295712,0.0
1653902059975960550,0.0
1653902060008505502,0.0
1653902060040553307,0.0
1653902060075399701,0.0
1653902060105984326,0.0
1653902060141617682,0.0
1653902060172057679,0.0
1653902060206531419,0.0
1653902060237568177,0.0
1653902060273060734,0.0
1653902060308146331,0.0
1653902060338227490,0.0
1653902060369697233,0.0
1653902060406471698,0.0
1653902060437781967,0.0
