rosbagTimestamp,header,seq,stamp,secs,nsecs,frame_id,orientation,x,y,z,w,orientation_covariance,angular_velocity,x,y,z,angular_velocity_covariance,linear_acceleration,x,y,z,linear_acceleration_covariance
1653996819213397000,,119028,,1643912313,486093952,"""fcu""",,-0.0521340094971,0.093541277993,-0.115911464106,-0.987469800477,"[1.0, 0.0, 0.0, 0.0, 1.0, 0.0, 0.0, 0.0, 1.0]",,0.00169836031273,0.000625697895885,0.00818531215191,"[1.2184696791468346e-07, 0.0, 0.0, 0.0, 1.2184696791468346e-07, 0.0, 0.0, 0.0, 1.2184696791468346e-07]",,1.87307015,0.85317855,9.5909037,"[8.999999999999999e-08, 0.0, 0.0, 0.0, 8.999999999999999e-08, 0.0, 0.0, 0.0, 8.999999999999999e-08]"
1653996819247717943,,119029,,1643912313,520330496,"""fcu""",,-0.0521687988661,0.0935242306277,-0.116248419692,-0.987429966949,"[1.0, 0.0, 0.0, 0.0, 1.0, 0.0, 0.0, 0.0, 1.0]",,0.00197790493257,3.8665952161e-05,0.00801553111523,"[1.2184696791468346e-07, 0.0, 0.0, 0.0, 1.2184696791468346e-07, 0.0, 0.0, 0.0, 1.2184696791468346e-07]",,1.8828768,0.8629852,9.5909037,"[8.999999999999999e-08, 0.0, 0.0, 0.0, 8.999999999999999e-08, 0.0, 0.0, 0.0, 8.999999999999999e-08]"
1653996819281426100,,119030,,1643912313,554330496,"""fcu""",,-0.0522060821316,0.0935007332422,-0.116588396866,-0.987390137478,"[1.0, 0.0, 0.0, 0.0, 1.0, 0.0, 0.0, 0.0, 1.0]",,0.00170038547367,0.000545195071027,0.00847414229065,"[1.2184696791468346e-07, 0.0, 0.0, 0.0, 1.2184696791468346e-07, 0.0, 0.0, 0.0, 1.2184696791468346e-07]",,1.87307015,0.87279185,9.58109705,"[8.999999999999999e-08, 0.0, 0.0, 0.0, 8.999999999999999e-08, 0.0, 0.0, 0.0, 8.999999999999999e-08]"
1653996819314717988,,119031,,1643912313,586330496,"""fcu""",,-0.0522523689523,0.0935060559513,-0.1169216832,-0.987347774311,"[1.0, 0.0, 0.0, 0.0, 1.0, 0.0, 0.0, 0.0, 1.0]",,0.00204242928885,-0.00130941788666,0.00907643511891,"[1.2184696791468346e-07, 0.0, 0.0, 0.0, 1.2184696791468346e-07, 0.0, 0.0, 0.0, 1.2184696791468346e-07]",,1.87307015,0.8433719,9.5909037,"[8.999999999999999e-08, 0.0, 0.0, 0.0, 8.999999999999999e-08, 0.0, 0.0, 0.0, 8.999999999999999e-08]"
1653996819346710331,,119032,,1643912313,617976704,"""fcu""",,-0.0522908985413,0.0934964534275,-0.11722087519,-0.987311167538,"[1.0, 0.0, 0.0, 0.0, 1.0, 0.0, 0.0, 0.0, 1.0]",,0.00166507530957,-0.000249560922384,0.00710641592741,"[1.2184696791468346e-07, 0.0, 0.0, 0.0, 1.2184696791468346e-07, 0.0, 0.0, 0.0, 1.2184696791468346e-07]",,1.8632635,0.8629852,9.56148375,"[8.999999999999999e-08, 0.0, 0.0, 0.0, 8.999999999999999e-08, 0.0, 0.0, 0.0, 8.999999999999999e-08]"
1653996819381762586,,119033,,1643912313,653976704,"""fcu""",,-0.0523529131014,0.0934762046423,-0.117565260167,-0.987268849533,"[1.0, 0.0, 0.0, 0.0, 1.0, 0.0, 0.0, 0.0, 1.0]",,0.00311940838583,0.00013724877499,0.00754895899445,"[1.2184696791468346e-07, 0.0, 0.0, 0.0, 1.2184696791468346e-07, 0.0, 0.0, 0.0, 1.2184696791468346e-07]",,1.8632635,0.87279185,9.60071035,"[8.999999999999999e-08, 0.0, 0.0, 0.0, 8.999999999999999e-08, 0.0, 0.0, 0.0, 8.999999999999999e-08]"
1653996819415515536,,119034,,1643912313,685976704,"""fcu""",,-0.0524051737757,0.0934655596102,-0.117882024028,-0.987229312439,"[1.0, 0.0, 0.0, 0.0, 1.0, 0.0, 0.0, 0.0, 1.0]",,0.00269416579977,-0.00016404222697,0.00752846058458,"[1.2184696791468346e-07, 0.0, 0.0, 0.0, 1.2184696791468346e-07, 0.0, 0.0, 0.0, 1.2184696791468346e-07]",,1.87307015,0.85317855,9.5712904,"[8.999999999999999e-08, 0.0, 0.0, 0.0, 8.999999999999999e-08, 0.0, 0.0, 0.0, 8.999999999999999e-08]"
1653996819447393634,,119035,,1643912313,718226816,"""fcu""",,-0.0524624601143,0.0934643711204,-0.118190691547,-0.987189476262,"[1.0, 0.0, 0.0, 0.0, 1.0, 0.0, 0.0, 0.0, 1.0]",,0.00321193854325,-0.00124298455194,0.00819135643542,"[1.2184696791468346e-07, 0.0, 0.0, 0.0, 1.2184696791468346e-07, 0.0, 0.0, 0.0, 1.2184696791468346e-07]",,1.8632635,0.8433719,9.5909037,"[8.999999999999999e-08, 0.0, 0.0, 0.0, 8.999999999999999e-08, 0.0, 0.0, 0.0, 8.999999999999999e-08]"
1653996819479549000,,119036,,1643912313,750226816,"""fcu""",,-0.0525308785805,0.093456355811,-0.118528131774,-0.987146138286,"[1.0, 0.0, 0.0, 0.0, 1.0, 0.0, 0.0, 0.0, 1.0]",,0.00338508235291,-0.000306581612676,0.00788071192801,"[1.2184696791468346e-07, 0.0, 0.0, 0.0, 1.2184696791468346e-07, 0.0, 0.0, 0.0, 1.2184696791468346e-07]",,1.8828768,0.87279185,9.5909037,"[8.999999999999999e-08, 0.0, 0.0, 0.0, 8.999999999999999e-08, 0.0, 0.0, 0.0, 8.999999999999999e-08]"
1653996819511220371,,119037,,1643912313,783226816,"""fcu""",,-0.052587124987,0.0934422035695,-0.118853871574,-0.987105316615,"[1.0, 0.0, 0.0, 0.0, 1.0, 0.0, 0.0, 0.0, 1.0]",,0.00283582718112,-0.000113428104669,0.00839531142265,"[1.2184696791468346e-07, 0.0, 0.0, 0.0, 1.2184696791468346e-07, 0.0, 0.0, 0.0, 1.2184696791468346e-07]",,1.8828768,0.8629852,9.5909037,"[8.999999999999999e-08, 0.0, 0.0, 0.0, 8.999999999999999e-08, 0.0, 0.0, 0.0, 8.999999999999999e-08]"
1653996819544983036,,119038,,1643912313,816221184,"""fcu""",,-0.0526366690938,0.0934296544985,-0.119160597815,-0.987066883577,"[1.0, 0.0, 0.0, 0.0, 1.0, 0.0, 0.0, 0.0, 1.0]",,0.00194429140538,-0.000262873712927,0.00758783705533,"[1.2184696791468346e-07, 0.0, 0.0, 0.0, 1.2184696791468346e-07, 0.0, 0.0, 0.0, 1.2184696791468346e-07]",,1.8828768,0.8629852,9.5909037,"[8.999999999999999e-08, 0.0, 0.0, 0.0, 8.999999999999999e-08, 0.0, 0.0, 0.0, 8.999999999999999e-08]"
1653996819579436829,,119039,,1643912313,850221184,"""fcu""",,-0.0526939655779,0.0934078392035,-0.119521219964,-0.987022289285,"[1.0, 0.0, 0.0, 0.0, 1.0, 0.0, 0.0, 0.0, 1.0]",,0.00269395904616,0.000164692290127,0.00793326832354,"[1.2184696791468346e-07, 0.0, 0.0, 0.0, 1.2184696791468346e-07, 0.0, 0.0, 0.0, 1.2184696791468346e-07]",,1.8632635,0.8629852,9.610517,"[8.999999999999999e-08, 0.0, 0.0, 0.0, 8.999999999999999e-08, 0.0, 0.0, 0.0, 8.999999999999999e-08]"
1653996819610124313,,119040,,1643912313,883221184,"""fcu""",,-0.0527434530613,0.0933854846203,-0.119836830818,-0.98698349196,"[1.0, 0.0, 0.0, 0.0, 1.0, 0.0, 0.0, 0.0, 1.0]",,0.00237954291515,0.000184974633157,0.00732887117192,"[1.2184696791468346e-07, 0.0, 0.0, 0.0, 1.2184696791468346e-07, 0.0, 0.0, 0.0, 1.2184696791468346e-07]",,1.87307015,0.89240515,9.58109705,"[8.999999999999999e-08, 0.0, 0.0, 0.0, 8.999999999999999e-08, 0.0, 0.0, 0.0, 8.999999999999999e-08]"
1653996819643226364,,119041,,1643912313,916290560,"""fcu""",,-0.0527887910112,0.0933521571172,-0.120149543024,-0.986946201987,"[1.0, 0.0, 0.0, 0.0, 1.0, 0.0, 0.0, 0.0, 1.0]",,0.00256611593068,0.00130554591306,0.00767534319311,"[1.2184696791468346e-07, 0.0, 0.0, 0.0, 1.2184696791468346e-07, 0.0, 0.0, 0.0, 1.2184696791468346e-07]",,1.87307015,0.8629852,9.5909037,"[8.999999999999999e-08, 0.0, 0.0, 0.0, 8.999999999999999e-08, 0.0, 0.0, 0.0, 8.999999999999999e-08]"
1653996819675945095,,119042,,1643912313,948290560,"""fcu""",,-0.0528271229181,0.0933166120545,-0.120471909452,-0.986908214593,"[1.0, 0.0, 0.0, 0.0, 1.0, 0.0, 0.0, 0.0, 1.0]",,0.00158178759739,0.00150394346565,0.00755520910025,"[1.2184696791468346e-07, 0.0, 0.0, 0.0, 1.2184696791468346e-07, 0.0, 0.0, 0.0, 1.2184696791468346e-07]",,1.8632635,0.85317855,9.58109705,"[8.999999999999999e-08, 0.0, 0.0, 0.0, 8.999999999999999e-08, 0.0, 0.0, 0.0, 8.999999999999999e-08]"
1653996819710354599,,119043,,1643912313,983290560,"""fcu""",,-0.0528658694627,0.0932789637755,-0.120818361499,-0.986867345841,"[1.0, 0.0, 0.0, 0.0, 1.0, 0.0, 0.0, 0.0, 1.0]",,0.00184660404921,0.00127604673617,0.00804284308106,"[1.2184696791468346e-07, 0.0, 0.0, 0.0, 1.2184696791468346e-07, 0.0, 0.0, 0.0, 1.2184696791468346e-07]",,1.87307015,0.87279185,9.5909037,"[8.999999999999999e-08, 0.0, 0.0, 0.0, 8.999999999999999e-08, 0.0, 0.0, 0.0, 8.999999999999999e-08]"
1653996819741781565,,119044,,1643912314,14215808,"""fcu""",,-0.0528790195222,0.0932436802179,-0.12110239346,-0.986835161358,"[1.0, 0.0, 0.0, 0.0, 1.0, 0.0, 0.0, 0.0, 1.0]",,0.000655503477901,0.00146386562847,0.00803251564503,"[1.2184696791468346e-07, 0.0, 0.0, 0.0, 1.2184696791468346e-07, 0.0, 0.0, 0.0, 1.2184696791468346e-07]",,1.87307015,0.8825985,9.60071035,"[8.999999999999999e-08, 0.0, 0.0, 0.0, 8.999999999999999e-08, 0.0, 0.0, 0.0, 8.999999999999999e-08]"
1653996819775022493,,119045,,1643912314,48215808,"""fcu""",,-0.0528994519653,0.0931901321649,-0.12145906211,-0.986795289551,"[1.0, 0.0, 0.0, 0.0, 1.0, 0.0, 0.0, 0.0, 1.0]",,0.000145472586155,0.00234423205256,0.00772081082687,"[1.2184696791468346e-07, 0.0, 0.0, 0.0, 1.2184696791468346e-07, 0.0, 0.0, 0.0, 1.2184696791468346e-07]",,1.8632635,0.83356525,9.60071035,"[8.999999999999999e-08, 0.0, 0.0, 0.0, 8.999999999999999e-08, 0.0, 0.0, 0.0, 8.999999999999999e-08]"
1653996819809355818,,119046,,1643912314,80215808,"""fcu""",,-0.0529117770933,0.093149812495,-0.121773882724,-0.986759635252,"[1.0, 0.0, 0.0, 0.0, 1.0, 0.0, 0.0, 0.0, 1.0]",,0.000194706488401,0.00160732562654,0.00706449570134,"[1.2184696791468346e-07, 0.0, 0.0, 0.0, 1.2184696791468346e-07, 0.0, 0.0, 0.0, 1.2184696791468346e-07]",,1.87307015,0.87279185,9.5909037,"[8.999999999999999e-08, 0.0, 0.0, 0.0, 8.999999999999999e-08, 0.0, 0.0, 0.0, 8.999999999999999e-08]"
1653996819842491418,,119047,,1643912314,114701184,"""fcu""",,-0.0529280200254,0.0931125345263,-0.122080205866,-0.986724431615,"[1.0, 0.0, 0.0, 0.0, 1.0, 0.0, 0.0, 0.0, 1.0]",,0.000786248361692,0.00188929960132,0.00799379777163,"[1.2184696791468346e-07, 0.0, 0.0, 0.0, 1.2184696791468346e-07, 0.0, 0.0, 0.0, 1.2184696791468346e-07]",,1.87307015,0.8825985,9.5909037,"[8.999999999999999e-08, 0.0, 0.0, 0.0, 8.999999999999999e-08, 0.0, 0.0, 0.0, 8.999999999999999e-08]"
1653996819874034058,,119048,,1643912314,146701184,"""fcu""",,-0.052937216124,0.0930769766027,-0.122416088995,-0.986685678791,"[1.0, 0.0, 0.0, 0.0, 1.0, 0.0, 0.0, 0.0, 1.0]",,-9.52857080847e-05,0.00146502954885,0.00806816201657,"[1.2184696791468346e-07, 0.0, 0.0, 0.0, 1.2184696791468346e-07, 0.0, 0.0, 0.0, 1.2184696791468346e-07]",,1.8632635,0.87279185,9.60071035,"[8.999999999999999e-08, 0.0, 0.0, 0.0, 8.999999999999999e-08, 0.0, 0.0, 0.0, 8.999999999999999e-08]"
1653996819908017703,,119049,,1643912314,180701184,"""fcu""",,-0.0529593946253,0.0930456149168,-0.122751136143,-0.986645820262,"[1.0, 0.0, 0.0, 0.0, 1.0, 0.0, 0.0, 0.0, 1.0]",,0.00111013767309,0.00136799481697,0.0072879884392,"[1.2184696791468346e-07, 0.0, 0.0, 0.0, 1.2184696791468346e-07, 0.0, 0.0, 0.0, 1.2184696791468346e-07]",,1.8828768,0.8629852,9.58109705,"[8.999999999999999e-08, 0.0, 0.0, 0.0, 8.999999999999999e-08, 0.0, 0.0, 0.0, 8.999999999999999e-08]"
1653996819945087288,,119050,,1643912314,215012992,"""fcu""",,-0.0529770593657,0.093030274874,-0.123059784178,-0.986607869752,"[1.0, 0.0, 0.0, 0.0, 1.0, 0.0, 0.0, 0.0, 1.0]",,0.0003719155211,9.32128168643e-05,0.00819996464998,"[1.2184696791468346e-07, 0.0, 0.0, 0.0, 1.2184696791468346e-07, 0.0, 0.0, 0.0, 1.2184696791468346e-07]",,1.8632635,0.8629852,9.58109705,"[8.999999999999999e-08, 0.0, 0.0, 0.0, 8.999999999999999e-08, 0.0, 0.0, 0.0, 8.999999999999999e-08]"
1653996819974079415,,119051,,1643912314,247012992,"""fcu""",,-0.0529995091039,0.0930157702204,-0.123389137852,-0.986566895444,"[1.0, 0.0, 0.0, 0.0, 1.0, 0.0, 0.0, 0.0, 1.0]",,0.000779498601332,7.76022206992e-05,0.00757826445624,"[1.2184696791468346e-07, 0.0, 0.0, 0.0, 1.2184696791468346e-07, 0.0, 0.0, 0.0, 1.2184696791468346e-07]",,1.87307015,0.8629852,9.5909037,"[8.999999999999999e-08, 0.0, 0.0, 0.0, 8.999999999999999e-08, 0.0, 0.0, 0.0, 8.999999999999999e-08]"
1653996820006170712,,119052,,1643912314,279012992,"""fcu""",,-0.0530328123862,0.0930121870522,-0.123692722769,-0.98652742699,"[1.0, 0.0, 0.0, 0.0, 1.0, 0.0, 0.0, 0.0, 1.0]",,0.0013207050506,-0.000761819537729,0.00691079348326,"[1.2184696791468346e-07, 0.0, 0.0, 0.0, 1.2184696791468346e-07, 0.0, 0.0, 0.0, 1.2184696791468346e-07]",,1.85345685,0.85317855,9.5909037,"[8.999999999999999e-08, 0.0, 0.0, 0.0, 8.999999999999999e-08, 0.0, 0.0, 0.0, 8.999999999999999e-08]"
1653996820041789064,,119053,,1643912314,314685824,"""fcu""",,-0.0530607012852,0.0930224763547,-0.1240120059,-0.986484872294,"[1.0, 0.0, 0.0, 0.0, 1.0, 0.0, 0.0, 0.0, 1.0]",,0.000957123702392,-0.00126694375649,0.00737524405122,"[1.2184696791468346e-07, 0.0, 0.0, 0.0, 1.2184696791468346e-07, 0.0, 0.0, 0.0, 1.2184696791468346e-07]",,1.85345685,0.9022118,9.5909037,"[8.999999999999999e-08, 0.0, 0.0, 0.0, 8.999999999999999e-08, 0.0, 0.0, 0.0, 8.999999999999999e-08]"
1653996820073212563,,119054,,1643912314,346685824,"""fcu""",,-0.053085573176,0.093031696368,-0.124332769983,-0.986442288074,"[1.0, 0.0, 0.0, 0.0, 1.0, 0.0, 0.0, 0.0, 1.0]",,0.000349698355421,-0.00140089401975,0.00661297608167,"[1.2184696791468346e-07, 0.0, 0.0, 0.0, 1.2184696791468346e-07, 0.0, 0.0, 0.0, 1.2184696791468346e-07]",,1.87307015,0.8629852,9.5909037,"[8.999999999999999e-08, 0.0, 0.0, 0.0, 8.999999999999999e-08, 0.0, 0.0, 0.0, 8.999999999999999e-08]"
1653996820106055643,,119055,,1643912314,378685824,"""fcu""",,-0.0531158293621,0.0930415099143,-0.124634746436,-0.986401625143,"[1.0, 0.0, 0.0, 0.0, 1.0, 0.0, 0.0, 0.0, 1.0]",,0.00131347356364,-0.00177007704042,0.0070495121181,"[1.2184696791468346e-07, 0.0, 0.0, 0.0, 1.2184696791468346e-07, 0.0, 0.0, 0.0, 1.2184696791468346e-07]",,1.8828768,0.8629852,9.5909037,"[8.999999999999999e-08, 0.0, 0.0, 0.0, 8.999999999999999e-08, 0.0, 0.0, 0.0, 8.999999999999999e-08]"
1653996820138604581,,119056,,1643912314,410685824,"""fcu""",,-0.0531507740121,0.0930613006811,-0.124923405182,-0.986361359936,"[1.0, 0.0, 0.0, 0.0, 1.0, 0.0, 0.0, 0.0, 1.0]",,0.0012024641037,-0.00221381080337,0.00647020153701,"[1.2184696791468346e-07, 0.0, 0.0, 0.0, 1.2184696791468346e-07, 0.0, 0.0, 0.0, 1.2184696791468346e-07]",,1.87307015,0.8825985,9.5909037,"[8.999999999999999e-08, 0.0, 0.0, 0.0, 8.999999999999999e-08, 0.0, 0.0, 0.0, 8.999999999999999e-08]"
1653996820170487938,,119057,,1643912314,443158720,"""fcu""",,-0.0531931160362,0.0930639529961,-0.125229949073,-0.986319954637,"[1.0, 0.0, 0.0, 0.0, 1.0, 0.0, 0.0, 0.0, 1.0]",,0.00170340947807,-0.000907280948013,0.00625082105398,"[1.2184696791468346e-07, 0.0, 0.0, 0.0, 1.2184696791468346e-07, 0.0, 0.0, 0.0, 1.2184696791468346e-07]",,1.87307015,0.87279185,9.60071035,"[8.999999999999999e-08, 0.0, 0.0, 0.0, 8.999999999999999e-08, 0.0, 0.0, 0.0, 8.999999999999999e-08]"
1653996820204345479,,119058,,1643912314,476158720,"""fcu""",,-0.0532362694458,0.0930776664972,-0.125537222978,-0.986277269971,"[1.0, 0.0, 0.0, 0.0, 1.0, 0.0, 0.0, 0.0, 1.0]",,0.00156086869538,-0.00156517676078,0.0071662212722,"[1.2184696791468346e-07, 0.0, 0.0, 0.0, 1.2184696791468346e-07, 0.0, 0.0, 0.0, 1.2184696791468346e-07]",,1.87307015,0.8629852,9.5909037,"[8.999999999999999e-08, 0.0, 0.0, 0.0, 8.999999999999999e-08, 0.0, 0.0, 0.0, 8.999999999999999e-08]"
1653996820237730997,,119059,,1643912314,510158720,"""fcu""",,-0.0532651512918,0.0930885403227,-0.125850106355,-0.98623480878,"[1.0, 0.0, 0.0, 0.0, 1.0, 0.0, 0.0, 0.0, 1.0]",,0.000850501004606,-0.00109601276927,0.00696092983708,"[1.2184696791468346e-07, 0.0, 0.0, 0.0, 1.2184696791468346e-07, 0.0, 0.0, 0.0, 1.2184696791468346e-07]",,1.89268345,0.8433719,9.5909037,"[8.999999999999999e-08, 0.0, 0.0, 0.0, 8.999999999999999e-08, 0.0, 0.0, 0.0, 8.999999999999999e-08]"
1653996820270206063,,119060,,1643912314,543278272,"""fcu""",,-0.0532975676194,0.0930834212945,-0.126161981273,-0.98619369317,"[1.0, 0.0, 0.0, 0.0, 1.0, 0.0, 0.0, 0.0, 1.0]",,0.0013594692573,-0.0004389481619,0.00671565672383,"[1.2184696791468346e-07, 0.0, 0.0, 0.0, 1.2184696791468346e-07, 0.0, 0.0, 0.0, 1.2184696791468346e-07]",,1.87307015,0.89240515,9.5909037,"[8.999999999999999e-08, 0.0, 0.0, 0.0, 8.999999999999999e-08, 0.0, 0.0, 0.0, 8.999999999999999e-08]"
1653996820302870577,,119061,,1643912314,576278272,"""fcu""",,-0.053326684527,0.0930643831767,-0.126485810977,-0.986152434932,"[1.0, 0.0, 0.0, 0.0, 1.0, 0.0, 0.0, 0.0, 1.0]",,0.00123781431466,0.000632724957541,0.00804485473782,"[1.2184696791468346e-07, 0.0, 0.0, 0.0, 1.2184696791468346e-07, 0.0, 0.0, 0.0, 1.2184696791468346e-07]",,1.87307015,0.8825985,9.58109705,"[8.999999999999999e-08, 0.0, 0.0, 0.0, 8.999999999999999e-08, 0.0, 0.0, 0.0, 8.999999999999999e-08]"
1653996820336644428,,119062,,1643912314,608278272,"""fcu""",,-0.0533531149055,0.0930366387353,-0.126776334513,-0.986116316664,"[1.0, 0.0, 0.0, 0.0, 1.0, 0.0, 0.0, 0.0, 1.0]",,0.000997951254249,0.00101157324389,0.00669316295534,"[1.2184696791468346e-07, 0.0, 0.0, 0.0, 1.2184696791468346e-07, 0.0, 0.0, 0.0, 1.2184696791468346e-07]",,1.87307015,0.89240515,9.58109705,"[8.999999999999999e-08, 0.0, 0.0, 0.0, 8.999999999999999e-08, 0.0, 0.0, 0.0, 8.999999999999999e-08]"
1653996820370552773,,119063,,1643912314,643029440,"""fcu""",,-0.0533822477972,0.0930019992344,-0.127125108867,-0.986073106039,"[1.0, 0.0, 0.0, 0.0, 1.0, 0.0, 0.0, 0.0, 1.0]",,0.000786254415289,0.00108725577593,0.00793365761638,"[1.2184696791468346e-07, 0.0, 0.0, 0.0, 1.2184696791468346e-07, 0.0, 0.0, 0.0, 1.2184696791468346e-07]",,1.87307015,0.8629852,9.5909037,"[8.999999999999999e-08, 0.0, 0.0, 0.0, 8.999999999999999e-08, 0.0, 0.0, 0.0, 8.999999999999999e-08]"
1653996820402131884,,119064,,1643912314,674029440,"""fcu""",,-0.0533925154756,0.0929627225321,-0.127418454288,-0.986038391249,"[1.0, 0.0, 0.0, 0.0, 1.0, 0.0, 0.0, 0.0, 1.0]",,1.85216777027e-05,0.00213016127236,0.00743096508086,"[1.2184696791468346e-07, 0.0, 0.0, 0.0, 1.2184696791468346e-07, 0.0, 0.0, 0.0, 1.2184696791468346e-07]",,1.87307015,0.87279185,9.5909037,"[8.999999999999999e-08, 0.0, 0.0, 0.0, 8.999999999999999e-08, 0.0, 0.0, 0.0, 8.999999999999999e-08]"
1653996820434467677,,119065,,1643912314,707029440,"""fcu""",,-0.0534192203193,0.0929281485964,-0.127726577124,-0.986000338537,"[1.0, 0.0, 0.0, 0.0, 1.0, 0.0, 0.0, 0.0, 1.0]",,0.00141450273804,0.00130834034644,0.00737749319524,"[1.2184696791468346e-07, 0.0, 0.0, 0.0, 1.2184696791468346e-07, 0.0, 0.0, 0.0, 1.2184696791468346e-07]",,1.8828768,0.85317855,9.58109705,"[8.999999999999999e-08, 0.0, 0.0, 0.0, 8.999999999999999e-08, 0.0, 0.0, 0.0, 8.999999999999999e-08]"
1653996820467783104,,119066,,1643912314,739877376,"""fcu""",,-0.0534489438897,0.0928770414384,-0.128067276517,-0.985959349191,"[1.0, 0.0, 0.0, 0.0, 1.0, 0.0, 0.0, 0.0, 1.0]",,0.000852568075061,0.00195199600421,0.0073597561568,"[1.2184696791468346e-07, 0.0, 0.0, 0.0, 1.2184696791468346e-07, 0.0, 0.0, 0.0, 1.2184696791468346e-07]",,1.8632635,0.8237586,9.58109705,"[8.999999999999999e-08, 0.0, 0.0, 0.0, 8.999999999999999e-08, 0.0, 0.0, 0.0, 8.999999999999999e-08]"
1653996820500764953,,119067,,1643912314,773877376,"""fcu""",,-0.0534753761036,0.0928283870611,-0.128390437853,-0.985920468483,"[1.0, 0.0, 0.0, 0.0, 1.0, 0.0, 0.0, 0.0, 1.0]",,0.00137997814454,0.00210098852403,0.00797310471535,"[1.2184696791468346e-07, 0.0, 0.0, 0.0, 1.2184696791468346e-07, 0.0, 0.0, 0.0, 1.2184696791468346e-07]",,1.8632635,0.87279185,9.5909037,"[8.999999999999999e-08, 0.0, 0.0, 0.0, 8.999999999999999e-08, 0.0, 0.0, 0.0, 8.999999999999999e-08]"
1653996820534343333,,119068,,1643912314,805877376,"""fcu""",,-0.053513799066,0.0927646314548,-0.128672400892,-0.985887625295,"[1.0, 0.0, 0.0, 0.0, 1.0, 0.0, 0.0, 0.0, 1.0]",,0.00177927804179,0.00326143670827,0.00600927416235,"[1.2184696791468346e-07, 0.0, 0.0, 0.0, 1.2184696791468346e-07, 0.0, 0.0, 0.0, 1.2184696791468346e-07]",,1.87307015,0.87279185,9.5909037,"[8.999999999999999e-08, 0.0, 0.0, 0.0, 8.999999999999999e-08, 0.0, 0.0, 0.0, 8.999999999999999e-08]"
1653996820568628108,,119069,,1643912314,840445696,"""fcu""",,-0.0535500840733,0.0926994080025,-0.129013983921,-0.985847148499,"[1.0, 0.0, 0.0, 0.0, 1.0, 0.0, 0.0, 0.0, 1.0]",,0.00183747615665,0.00245145452209,0.00692544830963,"[1.2184696791468346e-07, 0.0, 0.0, 0.0, 1.2184696791468346e-07, 0.0, 0.0, 0.0, 1.2184696791468346e-07]",,1.8632635,0.8629852,9.60071035,"[8.999999999999999e-08, 0.0, 0.0, 0.0, 8.999999999999999e-08, 0.0, 0.0, 0.0, 8.999999999999999e-08]"
1653996820601747576,,119070,,1643912314,874445696,"""fcu""",,-0.0535865176775,0.0926502167874,-0.129323385373,-0.985809253582,"[1.0, 0.0, 0.0, 0.0, 1.0, 0.0, 0.0, 0.0, 1.0]",,0.00194319477305,0.00231458246708,0.00746016204357,"[1.2184696791468346e-07, 0.0, 0.0, 0.0, 1.2184696791468346e-07, 0.0, 0.0, 0.0, 1.2184696791468346e-07]",,1.87307015,0.8825985,9.5909037,"[8.999999999999999e-08, 0.0, 0.0, 0.0, 8.999999999999999e-08, 0.0, 0.0, 0.0, 8.999999999999999e-08]"
1653996820635740521,,119071,,1643912314,907445696,"""fcu""",,-0.0536136751015,0.0926077375543,-0.1296121855,-0.985773839254,"[1.0, 0.0, 0.0, 0.0, 1.0, 0.0, 0.0, 0.0, 1.0]",,0.00152488122694,0.00160180171952,0.00600928394124,"[1.2184696791468346e-07, 0.0, 0.0, 0.0, 1.2184696791468346e-07, 0.0, 0.0, 0.0, 1.2184696791468346e-07]",,1.8632635,0.8629852,9.5909037,"[8.999999999999999e-08, 0.0, 0.0, 0.0, 8.999999999999999e-08, 0.0, 0.0, 0.0, 8.999999999999999e-08]"
1653996820665673512,,119072,,1643912314,938153088,"""fcu""",,-0.05365168457,0.0925645713686,-0.129914364782,-0.985736047172,"[1.0, 0.0, 0.0, 0.0, 1.0, 0.0, 0.0, 0.0, 1.0]",,0.00176363764331,0.00179203809239,0.00582815660164,"[1.2184696791468346e-07, 0.0, 0.0, 0.0, 1.2184696791468346e-07, 0.0, 0.0, 0.0, 1.2184696791468346e-07]",,1.8828768,0.89240515,9.5909037,"[8.999999999999999e-08, 0.0, 0.0, 0.0, 8.999999999999999e-08, 0.0, 0.0, 0.0, 8.999999999999999e-08]"
1653996820702504299,,119073,,1643912314,974153088,"""fcu""",,-0.0536870243962,0.0925238556815,-0.130241145991,-0.985694822667,"[1.0, 0.0, 0.0, 0.0, 1.0, 0.0, 0.0, 0.0, 1.0]",,0.00150825735182,0.00137460371479,0.00683173630387,"[1.2184696791468346e-07, 0.0, 0.0, 0.0, 1.2184696791468346e-07, 0.0, 0.0, 0.0, 1.2184696791468346e-07]",,1.85345685,0.8629852,9.610517,"[8.999999999999999e-08, 0.0, 0.0, 0.0, 8.999999999999999e-08, 0.0, 0.0, 0.0, 8.999999999999999e-08]"
1653996820732521699,,119074,,1643912315,4153088,"""fcu""",,-0.053713507065,0.0924939506115,-0.130512296726,-0.985660321136,"[1.0, 0.0, 0.0, 0.0, 1.0, 0.0, 0.0, 0.0, 1.0]",,0.00100392242894,0.00133844814263,0.00707937311381,"[1.2184696791468346e-07, 0.0, 0.0, 0.0, 1.2184696791468346e-07, 0.0, 0.0, 0.0, 1.2184696791468346e-07]",,1.8436502,0.85317855,9.60071035,"[8.999999999999999e-08, 0.0, 0.0, 0.0, 8.999999999999999e-08, 0.0, 0.0, 0.0, 8.999999999999999e-08]"
1653996820766423691,,119075,,1643912315,38119040,"""fcu""",,-0.0537621961185,0.0924663097581,-0.130840096802,-0.985616800231,"[1.0, 0.0, 0.0, 0.0, 1.0, 0.0, 0.0, 0.0, 1.0]",,0.0021134307608,0.000438447808847,0.0066183754243,"[1.2184696791468346e-07, 0.0, 0.0, 0.0, 1.2184696791468346e-07, 0.0, 0.0, 0.0, 1.2184696791468346e-07]",,1.8828768,0.85317855,9.60071035,"[8.999999999999999e-08, 0.0, 0.0, 0.0, 8.999999999999999e-08, 0.0, 0.0, 0.0, 8.999999999999999e-08]"
1653996820800112390,,119076,,1643912315,70119040,"""fcu""",,-0.0538022876049,0.0924414071532,-0.131145894007,-0.985576305812,"[1.0, 0.0, 0.0, 0.0, 1.0, 0.0, 0.0, 0.0, 1.0]",,0.00184187781997,0.000629725633189,0.00673402287066,"[1.2184696791468346e-07, 0.0, 0.0, 0.0, 1.2184696791468346e-07, 0.0, 0.0, 0.0, 1.2184696791468346e-07]",,1.87307015,0.89240515,9.5909037,"[8.999999999999999e-08, 0.0, 0.0, 0.0, 8.999999999999999e-08, 0.0, 0.0, 0.0, 8.999999999999999e-08]"
1653996820831328020,,119077,,1643912315,104119040,"""fcu""",,-0.0538326457132,0.0924222852283,-0.131428468171,-0.985538799441,"[1.0, 0.0, 0.0, 0.0, 1.0, 0.0, 0.0, 0.0, 1.0]",,0.00137205701321,0.000359204597771,0.00615849206224,"[1.2184696791468346e-07, 0.0, 0.0, 0.0, 1.2184696791468346e-07, 0.0, 0.0, 0.0, 1.2184696791468346e-07]",,1.85345685,0.8629852,9.610517,"[8.999999999999999e-08, 0.0, 0.0, 0.0, 8.999999999999999e-08, 0.0, 0.0, 0.0, 8.999999999999999e-08]"
1653996820863013783,,119078,,1643912315,136027136,"""fcu""",,-0.0538669383989,0.0924040632248,-0.13172564229,-0.985498958503,"[1.0, 0.0, 0.0, 0.0, 1.0, 0.0, 0.0, 0.0, 1.0]",,0.00157570256852,5.85813540965e-05,0.00614998117089,"[1.2184696791468346e-07, 0.0, 0.0, 0.0, 1.2184696791468346e-07, 0.0, 0.0, 0.0, 1.2184696791468346e-07]",,1.8828768,0.89240515,9.610517,"[8.999999999999999e-08, 0.0, 0.0, 0.0, 8.999999999999999e-08, 0.0, 0.0, 0.0, 8.999999999999999e-08]"
1653996820899885466,,119079,,1643912315,170027136,"""fcu""",,-0.0539013445563,0.0923926386262,-0.132057189447,-0.985453775729,"[1.0, 0.0, 0.0, 0.0, 1.0, 0.0, 0.0, 0.0, 1.0]",,0.00154390884563,-0.000522908056155,0.00691190129146,"[1.2184696791468346e-07, 0.0, 0.0, 0.0, 1.2184696791468346e-07, 0.0, 0.0, 0.0, 1.2184696791468346e-07]",,1.87307015,0.8433719,9.5909037,"[8.999999999999999e-08, 0.0, 0.0, 0.0, 8.999999999999999e-08, 0.0, 0.0, 0.0, 8.999999999999999e-08]"
1653996820932388893,,119080,,1643912315,204027136,"""fcu""",,-0.0539284638267,0.092390375796,-0.132341450959,-0.985414369495,"[1.0, 0.0, 0.0, 0.0, 1.0, 0.0, 0.0, 0.0, 1.0]",,0.000731325475499,-0.000733070774004,0.00612311810255,"[1.2184696791468346e-07, 0.0, 0.0, 0.0, 1.2184696791468346e-07, 0.0, 0.0, 0.0, 1.2184696791468346e-07]",,1.85345685,0.87279185,9.5909037,"[8.999999999999999e-08, 0.0, 0.0, 0.0, 8.999999999999999e-08, 0.0, 0.0, 0.0, 8.999999999999999e-08]"
1653996820964313949,,119081,,1643912315,236235264,"""fcu""",,-0.0539505882145,0.0923814422923,-0.132640314638,-0.98537381236,"[1.0, 0.0, 0.0, 0.0, 1.0, 0.0, 0.0, 0.0, 1.0]",,0.000870112096891,-0.000414388952777,0.00641186302528,"[1.2184696791468346e-07, 0.0, 0.0, 0.0, 1.2184696791468346e-07, 0.0, 0.0, 0.0, 1.2184696791468346e-07]",,1.8632635,0.89240515,9.610517,"[8.999999999999999e-08, 0.0, 0.0, 0.0, 8.999999999999999e-08, 0.0, 0.0, 0.0, 8.999999999999999e-08]"
1653996820995635926,,119082,,1643912315,268235264,"""fcu""",,-0.0539667894171,0.0923738085928,-0.132938152923,-0.985333503248,"[1.0, 0.0, 0.0, 0.0, 1.0, 0.0, 0.0, 0.0, 1.0]",,0.000316289486364,-0.000189974205568,0.006709265057,"[1.2184696791468346e-07, 0.0, 0.0, 0.0, 1.2184696791468346e-07, 0.0, 0.0, 0.0, 1.2184696791468346e-07]",,1.87307015,0.87279185,9.60071035,"[8.999999999999999e-08, 0.0, 0.0, 0.0, 8.999999999999999e-08, 0.0, 0.0, 0.0, 8.999999999999999e-08]"
1653996821032787584,,119083,,1643912315,304235264,"""fcu""",,-0.0539901540455,0.0923721170513,-0.133245619382,-0.985290850548,"[1.0, 0.0, 0.0, 0.0, 1.0, 0.0, 0.0, 0.0, 1.0]",,0.000662104459479,-0.000608805334195,0.00666977604851,"[1.2184696791468346e-07, 0.0, 0.0, 0.0, 1.2184696791468346e-07, 0.0, 0.0, 0.0, 1.2184696791468346e-07]",,1.8632635,0.8825985,9.5909037,"[8.999999999999999e-08, 0.0, 0.0, 0.0, 8.999999999999999e-08, 0.0, 0.0, 0.0, 8.999999999999999e-08]"
1653996821062885567,,119084,,1643912315,334189696,"""fcu""",,-0.0540076331058,0.092373047564,-0.133522842373,-0.985252275417,"[1.0, 0.0, 0.0, 0.0, 1.0, 0.0, 0.0, 0.0, 1.0]",,0.000327811809257,-0.000473079271615,0.0065110726282,"[1.2184696791468346e-07, 0.0, 0.0, 0.0, 1.2184696791468346e-07, 0.0, 0.0, 0.0, 1.2184696791468346e-07]",,1.85345685,0.8825985,9.58109705,"[8.999999999999999e-08, 0.0, 0.0, 0.0, 8.999999999999999e-08, 0.0, 0.0, 0.0, 8.999999999999999e-08]"
1653996821094936854,,119085,,1643912315,368189696,"""fcu""",,-0.0540369935239,0.092371892116,-0.133841117491,-0.985207588352,"[1.0, 0.0, 0.0, 0.0, 1.0, 0.0, 0.0, 0.0, 1.0]",,0.000801547896117,-0.000501196831465,0.00577377853915,"[1.2184696791468346e-07, 0.0, 0.0, 0.0, 1.2184696791468346e-07, 0.0, 0.0, 0.0, 1.2184696791468346e-07]",,1.85345685,0.89240515,9.5909037,"[8.999999999999999e-08, 0.0, 0.0, 0.0, 8.999999999999999e-08, 0.0, 0.0, 0.0, 8.999999999999999e-08]"
1653996821129646222,,119086,,1643912315,400189696,"""fcu""",,-0.0540632035207,0.0923723400567,-0.134127008266,-0.985167227668,"[1.0, 0.0, 0.0, 0.0, 1.0, 0.0, 0.0, 0.0, 1.0]",,0.00131853017956,-0.000753943808377,0.00623127678409,"[1.2184696791468346e-07, 0.0, 0.0, 0.0, 1.2184696791468346e-07, 0.0, 0.0, 0.0, 1.2184696791468346e-07]",,1.8828768,0.8433719,9.58109705,"[8.999999999999999e-08, 0.0, 0.0, 0.0, 8.999999999999999e-08, 0.0, 0.0, 0.0, 8.999999999999999e-08]"
1653996821161065988,,119087,,1643912315,434267264,"""fcu""",,-0.0540953083348,0.0923630498767,-0.134419466914,-0.9851264749,"[1.0, 0.0, 0.0, 0.0, 1.0, 0.0, 0.0, 0.0, 1.0]",,0.00143553758971,-0.000335013261065,0.00631029950455,"[1.2184696791468346e-07, 0.0, 0.0, 0.0, 1.2184696791468346e-07, 0.0, 0.0, 0.0, 1.2184696791468346e-07]",,1.85345685,0.8825985,9.62032365,"[8.999999999999999e-08, 0.0, 0.0, 0.0, 8.999999999999999e-08, 0.0, 0.0, 0.0, 8.999999999999999e-08]"
1653996821195143262,,119088,,1643912315,466267264,"""fcu""",,-0.0541204446604,0.0923580922456,-0.134715275478,-0.98508515105,"[1.0, 0.0, 0.0, 0.0, 1.0, 0.0, 0.0, 0.0, 1.0]",,0.00123026431538,-0.000694875139743,0.0059804324992,"[1.2184696791468346e-07, 0.0, 0.0, 0.0, 1.2184696791468346e-07, 0.0, 0.0, 0.0, 1.2184696791468346e-07]",,1.87307015,0.87279185,9.5909037,"[8.999999999999999e-08, 0.0, 0.0, 0.0, 8.999999999999999e-08, 0.0, 0.0, 0.0, 8.999999999999999e-08]"
1653996821226742133,,119089,,1643912315,500267264,"""fcu""",,-0.0541477611584,0.0923461743472,-0.135024387431,-0.985042445199,"[1.0, 0.0, 0.0, 0.0, 1.0, 0.0, 0.0, 0.0, 1.0]",,0.000866471091285,0.00014400202781,0.00660659139976,"[1.2184696791468346e-07, 0.0, 0.0, 0.0, 1.2184696791468346e-07, 0.0, 0.0, 0.0, 1.2184696791468346e-07]",,1.87307015,0.87279185,9.60071035,"[8.999999999999999e-08, 0.0, 0.0, 0.0, 8.999999999999999e-08, 0.0, 0.0, 0.0, 8.999999999999999e-08]"
1653996821262066630,,119090,,1643912315,534068096,"""fcu""",,-0.0541788696228,0.0923274143191,-0.135319704959,-0.985001967562,"[1.0, 0.0, 0.0, 0.0, 1.0, 0.0, 0.0, 0.0, 1.0]",,0.00140928500332,0.000513491686434,0.00612651091069,"[1.2184696791468346e-07, 0.0, 0.0, 0.0, 1.2184696791468346e-07, 0.0, 0.0, 0.0, 1.2184696791468346e-07]",,1.89268345,0.8629852,9.5909037,"[8.999999999999999e-08, 0.0, 0.0, 0.0, 8.999999999999999e-08, 0.0, 0.0, 0.0, 8.999999999999999e-08]"
1653996821293847226,,119091,,1643912315,566068096,"""fcu""",,-0.0542055307722,0.0923045732048,-0.135625641169,-0.984960563503,"[1.0, 0.0, 0.0, 0.0, 1.0, 0.0, 0.0, 0.0, 1.0]",,0.00123643875122,0.000214295461774,0.00640856008977,"[1.2184696791468346e-07, 0.0, 0.0, 0.0, 1.2184696791468346e-07, 0.0, 0.0, 0.0, 1.2184696791468346e-07]",,1.8632635,0.8825985,9.610517,"[8.999999999999999e-08, 0.0, 0.0, 0.0, 8.999999999999999e-08, 0.0, 0.0, 0.0, 8.999999999999999e-08]"
1653996821325753603,,119092,,1643912315,598068096,"""fcu""",,-0.054244096695,0.0922775828592,-0.135917675731,-0.984920713103,"[1.0, 0.0, 0.0, 0.0, 1.0, 0.0, 0.0, 0.0, 1.0]",,0.00197884091176,0.000962327467278,0.00665439106524,"[1.2184696791468346e-07, 0.0, 0.0, 0.0, 1.2184696791468346e-07, 0.0, 0.0, 0.0, 1.2184696791468346e-07]",,1.87307015,0.87279185,9.58109705,"[8.999999999999999e-08, 0.0, 0.0, 0.0, 8.999999999999999e-08, 0.0, 0.0, 0.0, 8.999999999999999e-08]"
1653996821361943208,,119093,,1643912315,634192512,"""fcu""",,-0.0542610753081,0.0922438509131,-0.136240187961,-0.984878377699,"[1.0, 0.0, 0.0, 0.0, 1.0, 0.0, 0.0, 0.0, 1.0]",,0.00057532871142,0.00111560244113,0.00696506770328,"[1.2184696791468346e-07, 0.0, 0.0, 0.0, 1.2184696791468346e-07, 0.0, 0.0, 0.0, 1.2184696791468346e-07]",,1.8632635,0.8629852,9.58109705,"[8.999999999999999e-08, 0.0, 0.0, 0.0, 8.999999999999999e-08, 0.0, 0.0, 0.0, 8.999999999999999e-08]"
1653996821395120500,,119094,,1643912315,666192512,"""fcu""",,-0.0542910999281,0.0922065765609,-0.136541233047,-0.984838522493,"[1.0, 0.0, 0.0, 0.0, 1.0, 0.0, 0.0, 0.0, 1.0]",,0.00112376082689,0.00164669496007,0.00652809627354,"[1.2184696791468346e-07, 0.0, 0.0, 0.0, 1.2184696791468346e-07, 0.0, 0.0, 0.0, 1.2184696791468346e-07]",,1.8632635,0.8825985,9.60071035,"[8.999999999999999e-08, 0.0, 0.0, 0.0, 8.999999999999999e-08, 0.0, 0.0, 0.0, 8.999999999999999e-08]"
1653996821426151744,,119095,,1643912315,698192512,"""fcu""",,-0.0543250628903,0.0921783109377,-0.136836209276,-0.984798354165,"[1.0, 0.0, 0.0, 0.0, 1.0, 0.0, 0.0, 0.0, 1.0]",,0.00184792163782,0.00103841512464,0.00677599385381,"[1.2184696791468346e-07, 0.0, 0.0, 0.0, 1.2184696791468346e-07, 0.0, 0.0, 0.0, 1.2184696791468346e-07]",,1.8632635,0.8629852,9.5909037,"[8.999999999999999e-08, 0.0, 0.0, 0.0, 8.999999999999999e-08, 0.0, 0.0, 0.0, 8.999999999999999e-08]"
1653996821459100305,,119096,,1643912315,730041984,"""fcu""",,-0.0543583508608,0.092145685817,-0.137123938095,-0.984759548255,"[1.0, 0.0, 0.0, 0.0, 1.0, 0.0, 0.0, 0.0, 1.0]",,0.00196414510719,0.00100961211137,0.00558555545285,"[1.2184696791468346e-07, 0.0, 0.0, 0.0, 1.2184696791468346e-07, 0.0, 0.0, 0.0, 1.2184696791468346e-07]",,1.8828768,0.85317855,9.5909037,"[8.999999999999999e-08, 0.0, 0.0, 0.0, 8.999999999999999e-08, 0.0, 0.0, 0.0, 8.999999999999999e-08]"
1653996821492091459,,119097,,1643912315,763041984,"""fcu""",,-0.0543889055212,0.0921041011845,-0.137426041655,-0.98471963755,"[1.0, 0.0, 0.0, 0.0, 1.0, 0.0, 0.0, 0.0, 1.0]",,0.00152055569924,0.00168630969711,0.00648670457304,"[1.2184696791468346e-07, 0.0, 0.0, 0.0, 1.2184696791468346e-07, 0.0, 0.0, 0.0, 1.2184696791468346e-07]",,1.8632635,0.8433719,9.60071035,"[8.999999999999999e-08, 0.0, 0.0, 0.0, 8.999999999999999e-08, 0.0, 0.0, 0.0, 8.999999999999999e-08]"
1653996821524190502,,119098,,1643912315,796041984,"""fcu""",,-0.0544103625623,0.0920559515455,-0.137716449369,-0.984682382194,"[1.0, 0.0, 0.0, 0.0, 1.0, 0.0, 0.0, 0.0, 1.0]",,0.00068589579314,0.00241866288707,0.00620082346722,"[1.2184696791468346e-07, 0.0, 0.0, 0.0, 1.2184696791468346e-07, 0.0, 0.0, 0.0, 1.2184696791468346e-07]",,1.87307015,0.87279185,9.60071035,"[8.999999999999999e-08, 0.0, 0.0, 0.0, 8.999999999999999e-08, 0.0, 0.0, 0.0, 8.999999999999999e-08]"
1653996821557758272,,119099,,1643912315,831137984,"""fcu""",,-0.054459302416,0.0920059134296,-0.138043271586,-0.984638589252,"[1.0, 0.0, 0.0, 0.0, 1.0, 0.0, 0.0, 0.0, 1.0]",,0.00238861097023,0.00169665878639,0.00707457400858,"[1.2184696791468346e-07, 0.0, 0.0, 0.0, 1.2184696791468346e-07, 0.0, 0.0, 0.0, 1.2184696791468346e-07]",,1.87307015,0.89240515,9.60071035,"[8.999999999999999e-08, 0.0, 0.0, 0.0, 8.999999999999999e-08, 0.0, 0.0, 0.0, 8.999999999999999e-08]"
1653996821590347372,,119100,,1643912315,863137984,"""fcu""",,-0.0544879474444,0.0919652566598,-0.138341335352,-0.984598969167,"[1.0, 0.0, 0.0, 0.0, 1.0, 0.0, 0.0, 0.0, 1.0]",,0.00108772865497,0.00168569479138,0.00605002976954,"[1.2184696791468346e-07, 0.0, 0.0, 0.0, 1.2184696791468346e-07, 0.0, 0.0, 0.0, 1.2184696791468346e-07]",,1.87307015,0.87279185,9.60071035,"[8.999999999999999e-08, 0.0, 0.0, 0.0, 8.999999999999999e-08, 0.0, 0.0, 0.0, 8.999999999999999e-08]"
1653996821622373162,,119101,,1643912315,896137984,"""fcu""",,-0.0545224754002,0.0919236974888,-0.138630682011,-0.984560240677,"[1.0, 0.0, 0.0, 0.0, 1.0, 0.0, 0.0, 0.0, 1.0]",,0.00176814477891,0.00163876637816,0.00609438121319,"[1.2184696791468346e-07, 0.0, 0.0, 0.0, 1.2184696791468346e-07, 0.0, 0.0, 0.0, 1.2184696791468346e-07]",,1.87307015,0.87279185,9.60071035,"[8.999999999999999e-08, 0.0, 0.0, 0.0, 8.999999999999999e-08, 0.0, 0.0, 0.0, 8.999999999999999e-08]"
1653996821654395341,,119102,,1643912315,928052224,"""fcu""",,-0.0545460215909,0.0918800907151,-0.138914863682,-0.984522951031,"[1.0, 0.0, 0.0, 0.0, 1.0, 0.0, 0.0, 0.0, 1.0]",,0.0010230850894,0.0019277788233,0.00548457540572,"[1.2184696791468346e-07, 0.0, 0.0, 0.0, 1.2184696791468346e-07, 0.0, 0.0, 0.0, 1.2184696791468346e-07]",,1.8632635,0.87279185,9.60071035,"[8.999999999999999e-08, 0.0, 0.0, 0.0, 8.999999999999999e-08, 0.0, 0.0, 0.0, 8.999999999999999e-08]"
1653996821693249963,,119103,,1643912315,963052224,"""fcu""",,-0.0545764115722,0.091833809334,-0.139230033603,-0.984481063559,"[1.0, 0.0, 0.0, 0.0, 1.0, 0.0, 0.0, 0.0, 1.0]",,0.00150889134966,0.00188179127872,0.00548589229584,"[1.2184696791468346e-07, 0.0, 0.0, 0.0, 1.2184696791468346e-07, 0.0, 0.0, 0.0, 1.2184696791468346e-07]",,1.8632635,0.8629852,9.60071035,"[8.999999999999999e-08, 0.0, 0.0, 0.0, 8.999999999999999e-08, 0.0, 0.0, 0.0, 8.999999999999999e-08]"
1653996821721497159,,119104,,1643912315,994052224,"""fcu""",,-0.0546008684525,0.0918106837103,-0.139487652922,-0.984445396253,"[1.0, 0.0, 0.0, 0.0, 1.0, 0.0, 0.0, 0.0, 1.0]",,0.00134700420313,0.000411927700043,0.00559525564313,"[1.2184696791468346e-07, 0.0, 0.0, 0.0, 1.2184696791468346e-07, 0.0, 0.0, 0.0, 1.2184696791468346e-07]",,1.87307015,0.8629852,9.60071035,"[8.999999999999999e-08, 0.0, 0.0, 0.0, 8.999999999999999e-08, 0.0, 0.0, 0.0, 8.999999999999999e-08]"
1653996821757604095,,119105,,1643912316,28143104,"""fcu""",,-0.0546259768601,0.09178412772,-0.139801322998,-0.984401984272,"[1.0, 0.0, 0.0, 0.0, 1.0, 0.0, 0.0, 0.0, 1.0]",,0.000932212453336,0.000530239893124,0.00656654266641,"[1.2184696791468346e-07, 0.0, 0.0, 0.0, 1.2184696791468346e-07, 0.0, 0.0, 0.0, 1.2184696791468346e-07]",,1.8632635,0.89240515,9.60071035,"[8.999999999999999e-08, 0.0, 0.0, 0.0, 8.999999999999999e-08, 0.0, 0.0, 0.0, 8.999999999999999e-08]"
1653996821791853669,,119106,,1643912316,60143104,"""fcu""",,-0.0546613354188,0.0917547036302,-0.140099618401,-0.98436035561,"[1.0, 0.0, 0.0, 0.0, 1.0, 0.0, 0.0, 0.0, 1.0]",,0.00202147290111,0.000871808035299,0.00584568595514,"[1.2184696791468346e-07, 0.0, 0.0, 0.0, 1.2184696791468346e-07, 0.0, 0.0, 0.0, 1.2184696791468346e-07]",,1.8632635,0.8629852,9.60071035,"[8.999999999999999e-08, 0.0, 0.0, 0.0, 8.999999999999999e-08, 0.0, 0.0, 0.0, 8.999999999999999e-08]"
1653996821823382967,,119107,,1643912316,94143104,"""fcu""",,-0.0546863173108,0.0917307851679,-0.140395949728,-0.984318976273,"[1.0, 0.0, 0.0, 0.0, 1.0, 0.0, 0.0, 0.0, 1.0]",,0.000797078479081,0.0010518564377,0.00695155374706,"[1.2184696791468346e-07, 0.0, 0.0, 0.0, 1.2184696791468346e-07, 0.0, 0.0, 0.0, 1.2184696791468346e-07]",,1.8632635,0.8825985,9.5909037,"[8.999999999999999e-08, 0.0, 0.0, 0.0, 8.999999999999999e-08, 0.0, 0.0, 0.0, 8.999999999999999e-08]"
1653996821853590588,,119108,,1643912316,126306944,"""fcu""",,-0.0547172131835,0.0917149510802,-0.140695343274,-0.984275985032,"[1.0, 0.0, 0.0, 0.0, 1.0, 0.0, 0.0, 0.0, 1.0]",,0.00119153410196,-7.83917494118e-06,0.00672846473753,"[1.2184696791468346e-07, 0.0, 0.0, 0.0, 1.2184696791468346e-07, 0.0, 0.0, 0.0, 1.2184696791468346e-07]",,1.8632635,0.87279185,9.60071035,"[8.999999999999999e-08, 0.0, 0.0, 0.0, 8.999999999999999e-08, 0.0, 0.0, 0.0, 8.999999999999999e-08]"
1653996821888780808,,119109,,1643912316,160306944,"""fcu""",,-0.054738933725,0.0916991088337,-0.141025157244,-0.984229052405,"[1.0, 0.0, 0.0, 0.0, 1.0, 0.0, 0.0, 0.0, 1.0]",,0.000577743630856,8.13938677311e-05,0.00688346847892,"[1.2184696791468346e-07, 0.0, 0.0, 0.0, 1.2184696791468346e-07, 0.0, 0.0, 0.0, 1.2184696791468346e-07]",,1.8632635,0.85317855,9.610517,"[8.999999999999999e-08, 0.0, 0.0, 0.0, 8.999999999999999e-08, 0.0, 0.0, 0.0, 8.999999999999999e-08]"
1653996821922832860,,119110,,1643912316,194306944,"""fcu""",,-0.0547656228315,0.0916915555307,-0.141315403744,-0.984186639751,"[1.0, 0.0, 0.0, 0.0, 1.0, 0.0, 0.0, 0.0, 1.0]",,0.0013139906805,-0.000186814460903,0.00656932219863,"[1.2184696791468346e-07, 0.0, 0.0, 0.0, 1.2184696791468346e-07, 0.0, 0.0, 0.0, 1.2184696791468346e-07]",,1.87307015,0.8825985,9.5909037,"[8.999999999999999e-08, 0.0, 0.0, 0.0, 8.999999999999999e-08, 0.0, 0.0, 0.0, 8.999999999999999e-08]"
1653996821955082142,,119111,,1643912316,226256768,"""fcu""",,-0.0547971833383,0.0916839494544,-0.141605286514,-0.984143924912,"[1.0, 0.0, 0.0, 0.0, 1.0, 0.0, 0.0, 0.0, 1.0]",,0.00162711041048,-0.000402395613492,0.00639924313873,"[1.2184696791468346e-07, 0.0, 0.0, 0.0, 1.2184696791468346e-07, 0.0, 0.0, 0.0, 1.2184696791468346e-07]",,1.87307015,0.87279185,9.5909037,"[8.999999999999999e-08, 0.0, 0.0, 0.0, 8.999999999999999e-08, 0.0, 0.0, 0.0, 8.999999999999999e-08]"
1653996821984839332,,119112,,1643912316,258256768,"""fcu""",,-0.0548242847303,0.0916728288959,-0.141902417355,-0.984100652472,"[1.0, 0.0, 0.0, 0.0, 1.0, 0.0, 0.0, 0.0, 1.0]",,0.00125668523833,-3.63178551197e-05,0.00622056052089,"[1.2184696791468346e-07, 0.0, 0.0, 0.0, 1.2184696791468346e-07, 0.0, 0.0, 0.0, 1.2184696791468346e-07]",,1.87307015,0.87279185,9.610517,"[8.999999999999999e-08, 0.0, 0.0, 0.0, 8.999999999999999e-08, 0.0, 0.0, 0.0, 8.999999999999999e-08]"
1653996822023307300,,119113,,1643912316,294256768,"""fcu""",,-0.0548723723635,0.0916683845712,-0.142220719246,-0.984052436122,"[1.0, 0.0, 0.0, 0.0, 1.0, 0.0, 0.0, 0.0, 1.0]",,0.00208791904151,-0.000990426400676,0.00689383316785,"[1.2184696791468346e-07, 0.0, 0.0, 0.0, 1.2184696791468346e-07, 0.0, 0.0, 0.0, 1.2184696791468346e-07]",,1.87307015,0.87279185,9.5909037,"[8.999999999999999e-08, 0.0, 0.0, 0.0, 8.999999999999999e-08, 0.0, 0.0, 0.0, 8.999999999999999e-08]"
1653996822055868302,,119114,,1643912316,326211456,"""fcu""",,-0.0548971446892,0.0916605803548,-0.142517999184,-0.984008771009,"[1.0, 0.0, 0.0, 0.0, 1.0, 0.0, 0.0, 0.0, 1.0]",,0.00102072278969,-0.000579869607463,0.00680510466918,"[1.2184696791468346e-07, 0.0, 0.0, 0.0, 1.2184696791468346e-07, 0.0, 0.0, 0.0, 1.2184696791468346e-07]",,1.87307015,0.8825985,9.60071035,"[8.999999999999999e-08, 0.0, 0.0, 0.0, 8.999999999999999e-08, 0.0, 0.0, 0.0, 8.999999999999999e-08]"
1653996822086251202,,119115,,1643912316,358211456,"""fcu""",,-0.0549408706159,0.0916400805671,-0.142827704247,-0.983963334311,"[1.0, 0.0, 0.0, 0.0, 1.0, 0.0, 0.0, 0.0, 1.0]",,0.0018413150683,8.45773611218e-05,0.00699023902416,"[1.2184696791468346e-07, 0.0, 0.0, 0.0, 1.2184696791468346e-07, 0.0, 0.0, 0.0, 1.2184696791468346e-07]",,1.8828768,0.87279185,9.610517,"[8.999999999999999e-08, 0.0, 0.0, 0.0, 8.999999999999999e-08, 0.0, 0.0, 0.0, 8.999999999999999e-08]"
1653996822118118315,,119116,,1643912316,390211456,"""fcu""",,-0.0549723493985,0.0916270246246,-0.143136688191,-0.983917891724,"[1.0, 0.0, 0.0, 0.0, 1.0, 0.0, 0.0, 0.0, 1.0]",,0.00147670507431,-0.000131709268317,0.00723262038082,"[1.2184696791468346e-07, 0.0, 0.0, 0.0, 1.2184696791468346e-07, 0.0, 0.0, 0.0, 1.2184696791468346e-07]",,1.8632635,0.8433719,9.5712904,"[8.999999999999999e-08, 0.0, 0.0, 0.0, 8.999999999999999e-08, 0.0, 0.0, 0.0, 8.999999999999999e-08]"
1653996822150929824,,119117,,1643912316,423047872,"""fcu""",,-0.0550052283666,0.0916026059905,-0.143430731948,-0.983875506637,"[1.0, 0.0, 0.0, 0.0, 1.0, 0.0, 0.0, 0.0, 1.0]",,0.00175982364453,0.000594766112044,0.00675267959014,"[1.2184696791468346e-07, 0.0, 0.0, 0.0, 1.2184696791468346e-07, 0.0, 0.0, 0.0, 1.2184696791468346e-07]",,1.8632635,0.87279185,9.5909037,"[8.999999999999999e-08, 0.0, 0.0, 0.0, 8.999999999999999e-08, 0.0, 0.0, 0.0, 8.999999999999999e-08]"
1653996822183686246,,119118,,1643912316,456047872,"""fcu""",,-0.0550412010301,0.0915866702595,-0.14375636219,-0.983827452529,"[1.0, 0.0, 0.0, 0.0, 1.0, 0.0, 0.0, 0.0, 1.0]",,0.0014020272065,0.000318243401125,0.00793848279864,"[1.2184696791468346e-07, 0.0, 0.0, 0.0, 1.2184696791468346e-07, 0.0, 0.0, 0.0, 1.2184696791468346e-07]",,1.8632635,0.87279185,9.60071035,"[8.999999999999999e-08, 0.0, 0.0, 0.0, 8.999999999999999e-08, 0.0, 0.0, 0.0, 8.999999999999999e-08]"
1653996822219173116,,119119,,1643912316,490047872,"""fcu""",,-0.0550677548421,0.0915730309119,-0.144083498502,-0.983779379661,"[1.0, 0.0, 0.0, 0.0, 1.0, 0.0, 0.0, 0.0, 1.0]",,0.000815524952486,0.000380994752049,0.00769623275846,"[1.2184696791468346e-07, 0.0, 0.0, 0.0, 1.2184696791468346e-07, 0.0, 0.0, 0.0, 1.2184696791468346e-07]",,1.87307015,0.8629852,9.5909037,"[8.999999999999999e-08, 0.0, 0.0, 0.0, 8.999999999999999e-08, 0.0, 0.0, 0.0, 8.999999999999999e-08]"
1653996822250738027,,119120,,1643912316,522967488,"""fcu""",,-0.0550968394159,0.0915547264128,-0.144385258391,-0.983735212096,"[1.0, 0.0, 0.0, 0.0, 1.0, 0.0, 0.0, 0.0, 1.0]",,0.00147949671373,0.000346244778484,0.00741274282336,"[1.2184696791468346e-07, 0.0, 0.0, 0.0, 1.2184696791468346e-07, 0.0, 0.0, 0.0, 1.2184696791468346e-07]",,1.87307015,0.87279185,9.610517,"[8.999999999999999e-08, 0.0, 0.0, 0.0, 8.999999999999999e-08, 0.0, 0.0, 0.0, 8.999999999999999e-08]"
1653996822285230069,,119121,,1643912316,555967488,"""fcu""",,-0.0551288935833,0.0915446381415,-0.144700202737,-0.983688078431,"[1.0, 0.0, 0.0, 0.0, 1.0, 0.0, 0.0, 0.0, 1.0]",,0.00118083739653,-0.000368476379663,0.00664746388793,"[1.2184696791468346e-07, 0.0, 0.0, 0.0, 1.2184696791468346e-07, 0.0, 0.0, 0.0, 1.2184696791468346e-07]",,1.8632635,0.8825985,9.5909037,"[8.999999999999999e-08, 0.0, 0.0, 0.0, 8.999999999999999e-08, 0.0, 0.0, 0.0, 8.999999999999999e-08]"
1653996822314456587,,119122,,1643912316,587967488,"""fcu""",,-0.0551535257619,0.0915392798777,-0.145005711979,-0.983642207476,"[1.0, 0.0, 0.0, 0.0, 1.0, 0.0, 0.0, 0.0, 1.0]",,0.000980597222224,-0.000378913711756,0.00764829851687,"[1.2184696791468346e-07, 0.0, 0.0, 0.0, 1.2184696791468346e-07, 0.0, 0.0, 0.0, 1.2184696791468346e-07]",,1.8632635,0.8825985,9.5909037,"[8.999999999999999e-08, 0.0, 0.0, 0.0, 8.999999999999999e-08, 0.0, 0.0, 0.0, 8.999999999999999e-08]"
1653996822351389766,,119123,,1643912316,623326656,"""fcu""",,-0.0551772063403,0.0915376070649,-0.145340420638,-0.983591635041,"[1.0, 0.0, 0.0, 0.0, 1.0, 0.0, 0.0, 0.0, 1.0]",,0.000802904833108,-0.000543645350263,0.00818755850196,"[1.2184696791468346e-07, 0.0, 0.0, 0.0, 1.2184696791468346e-07, 0.0, 0.0, 0.0, 1.2184696791468346e-07]",,1.8632635,0.87279185,9.58109705,"[8.999999999999999e-08, 0.0, 0.0, 0.0, 8.999999999999999e-08, 0.0, 0.0, 0.0, 8.999999999999999e-08]"
1653996822381600261,,119124,,1643912316,654326656,"""fcu""",,-0.055196297889,0.0915314946309,-0.145633730129,-0.983547747107,"[1.0, 0.0, 0.0, 0.0, 1.0, 0.0, 0.0, 0.0, 1.0]",,0.000790715916082,-8.11195932329e-05,0.00719636399299,"[1.2184696791468346e-07, 0.0, 0.0, 0.0, 1.2184696791468346e-07, 0.0, 0.0, 0.0, 1.2184696791468346e-07]",,1.8632635,0.89240515,9.5909037,"[8.999999999999999e-08, 0.0, 0.0, 0.0, 8.999999999999999e-08, 0.0, 0.0, 0.0, 8.999999999999999e-08]"
1653996822415774249,,119125,,1643912316,688326656,"""fcu""",,-0.055220701836,0.0915312070263,-0.145962096767,-0.983497726757,"[1.0, 0.0, 0.0, 0.0, 1.0, 0.0, 0.0, 0.0, 1.0]",,0.000919095473364,-0.000760775990784,0.00767980376258,"[1.2184696791468346e-07, 0.0, 0.0, 0.0, 1.2184696791468346e-07, 0.0, 0.0, 0.0, 1.2184696791468346e-07]",,1.8632635,0.8825985,9.60071035,"[8.999999999999999e-08, 0.0, 0.0, 0.0, 8.999999999999999e-08, 0.0, 0.0, 0.0, 8.999999999999999e-08]"
1653996822446834997,,119126,,1643912316,720470784,"""fcu""",,-0.0552414725221,0.0915138269714,-0.146277356591,-0.98345133796,"[1.0, 0.0, 0.0, 0.0, 1.0, 0.0, 0.0, 0.0, 1.0]",,0.00126108131371,0.00049050245434,0.00850845873356,"[1.2184696791468346e-07, 0.0, 0.0, 0.0, 1.2184696791468346e-07, 0.0, 0.0, 0.0, 1.2184696791468346e-07]",,1.87307015,0.89240515,9.60071035,"[8.999999999999999e-08, 0.0, 0.0, 0.0, 8.999999999999999e-08, 0.0, 0.0, 0.0, 8.999999999999999e-08]"
1653996822482704007,,119127,,1643912316,754470784,"""fcu""",,-0.0552572450372,0.0915159645775,-0.146587633627,-0.983404052649,"[1.0, 0.0, 0.0, 0.0, 1.0, 0.0, 0.0, 0.0, 1.0]",,4.7602923587e-05,-0.000998536357656,0.00695665553212,"[1.2184696791468346e-07, 0.0, 0.0, 0.0, 1.2184696791468346e-07, 0.0, 0.0, 0.0, 1.2184696791468346e-07]",,1.8632635,0.8825985,9.610517,"[8.999999999999999e-08, 0.0, 0.0, 0.0, 8.999999999999999e-08, 0.0, 0.0, 0.0, 8.999999999999999e-08]"
1653996822514031799,,119128,,1643912316,786470784,"""fcu""",,-0.0552719701879,0.0915062014697,-0.146893383782,-0.9833585095,"[1.0, 0.0, 0.0, 0.0, 1.0, 0.0, 0.0, 0.0, 1.0]",,0.000219165347517,3.59755940735e-05,0.00707665272057,"[1.2184696791468346e-07, 0.0, 0.0, 0.0, 1.2184696791468346e-07, 0.0, 0.0, 0.0, 1.2184696791468346e-07]",,1.8632635,0.8825985,9.5909037,"[8.999999999999999e-08, 0.0, 0.0, 0.0, 8.999999999999999e-08, 0.0, 0.0, 0.0, 8.999999999999999e-08]"
1653996822546907143,,119129,,1643912316,820390400,"""fcu""",,-0.0552804541364,0.0914938690549,-0.147197559998,-0.983313694426,"[1.0, 0.0, 0.0, 0.0, 1.0, 0.0, 0.0, 0.0, 1.0]",,-0.000145209487528,-0.000223182607442,0.00623547006398,"[1.2184696791468346e-07, 0.0, 0.0, 0.0, 1.2184696791468346e-07, 0.0, 0.0, 0.0, 1.2184696791468346e-07]",,1.8632635,0.9022118,9.5909037,"[8.999999999999999e-08, 0.0, 0.0, 0.0, 8.999999999999999e-08, 0.0, 0.0, 0.0, 8.999999999999999e-08]"
1653996822580949216,,119130,,1643912316,854390400,"""fcu""",,-0.0552993159672,0.0914735236447,-0.147510214361,-0.983267673009,"[1.0, 0.0, 0.0, 0.0, 1.0, 0.0, 0.0, 0.0, 1.0]",,0.000568458810449,0.000570419011638,0.00692792795599,"[1.2184696791468346e-07, 0.0, 0.0, 0.0, 1.2184696791468346e-07, 0.0, 0.0, 0.0, 1.2184696791468346e-07]",,1.8632635,0.8629852,9.610517,"[8.999999999999999e-08, 0.0, 0.0, 0.0, 8.999999999999999e-08, 0.0, 0.0, 0.0, 8.999999999999999e-08]"
1653996822613706547,,119131,,1643912316,886390400,"""fcu""",,-0.0553294653493,0.0914524607333,-0.147799096259,-0.983224554634,"[1.0, 0.0, 0.0, 0.0, 1.0, 0.0, 0.0, 0.0, 1.0]",,0.00109521811828,0.000211010221392,0.00562785100192,"[1.2184696791468346e-07, 0.0, 0.0, 0.0, 1.2184696791468346e-07, 0.0, 0.0, 0.0, 1.2184696791468346e-07]",,1.87307015,0.8629852,9.60071035,"[8.999999999999999e-08, 0.0, 0.0, 0.0, 8.999999999999999e-08, 0.0, 0.0, 0.0, 8.999999999999999e-08]"
1653996822645637566,,119132,,1643912316,918288000,"""fcu""",,-0.0553431721829,0.091428291837,-0.14807682741,-0.983184242108,"[1.0, 0.0, 0.0, 0.0, 1.0, 0.0, 0.0, 0.0, 1.0]",,0.000380618032068,0.000965398037806,0.00624090852216,"[1.2184696791468346e-07, 0.0, 0.0, 0.0, 1.2184696791468346e-07, 0.0, 0.0, 0.0, 1.2184696791468346e-07]",,1.87307015,0.87279185,9.5909037,"[8.999999999999999e-08, 0.0, 0.0, 0.0, 8.999999999999999e-08, 0.0, 0.0, 0.0, 8.999999999999999e-08]"
1653996822685913426,,119133,,1643912316,954288000,"""fcu""",,-0.0553704260033,0.0913962235375,-0.148409204994,-0.983135572604,"[1.0, 0.0, 0.0, 0.0, 1.0, 0.0, 0.0, 0.0, 1.0]",,0.00114721176215,0.0011012183968,0.00646687857807,"[1.2184696791468346e-07, 0.0, 0.0, 0.0, 1.2184696791468346e-07, 0.0, 0.0, 0.0, 1.2184696791468346e-07]",,1.8828768,0.8629852,9.62032365,"[8.999999999999999e-08, 0.0, 0.0, 0.0, 8.999999999999999e-08, 0.0, 0.0, 0.0, 8.999999999999999e-08]"
1653996822713580994,,119134,,1643912316,986288000,"""fcu""",,-0.0554056905983,0.0913708340339,-0.148710335519,-0.98309044154,"[1.0, 0.0, 0.0, 0.0, 1.0, 0.0, 0.0, 0.0, 1.0]",,0.00196065381169,0.000504178693518,0.00666989106685,"[1.2184696791468346e-07, 0.0, 0.0, 0.0, 1.2184696791468346e-07, 0.0, 0.0, 0.0, 1.2184696791468346e-07]",,1.87307015,0.8629852,9.5909037,"[8.999999999999999e-08, 0.0, 0.0, 0.0, 8.999999999999999e-08, 0.0, 0.0, 0.0, 8.999999999999999e-08]"
1653996822745460530,,119135,,1643912317,18227328,"""fcu""",,-0.0554373275084,0.0913358522369,-0.149001446621,-0.983047828806,"[1.0, 0.0, 0.0, 0.0, 1.0, 0.0, 0.0, 0.0, 1.0]",,0.00150197558105,0.0012494684197,0.00617843866348,"[1.2184696791468346e-07, 0.0, 0.0, 0.0, 1.2184696791468346e-07, 0.0, 0.0, 0.0, 1.2184696791468346e-07]",,1.8828768,0.89240515,9.58109705,"[8.999999999999999e-08, 0.0, 0.0, 0.0, 8.999999999999999e-08, 0.0, 0.0, 0.0, 8.999999999999999e-08]"
1653996822777356155,,119136,,1643912317,50227328,"""fcu""",,-0.0554850755956,0.0912988004424,-0.149312646655,-0.983001357564,"[1.0, 0.0, 0.0, 0.0, 1.0, 0.0, 0.0, 0.0, 1.0]",,0.00221119518392,0.00123969605193,0.00649494351819,"[1.2184696791468346e-07, 0.0, 0.0, 0.0, 1.2184696791468346e-07, 0.0, 0.0, 0.0, 1.2184696791468346e-07]",,1.89268345,0.8629852,9.5909037,"[8.999999999999999e-08, 0.0, 0.0, 0.0, 8.999999999999999e-08, 0.0, 0.0, 0.0, 8.999999999999999e-08]"
1653996822811646760,,119137,,1643912317,83227328,"""fcu""",,-0.0555218909352,0.091255241347,-0.149603819849,-0.982959051863,"[1.0, 0.0, 0.0, 0.0, 1.0, 0.0, 0.0, 0.0, 1.0]",,0.00223744031973,0.00187599333003,0.00600975239649,"[1.2184696791468346e-07, 0.0, 0.0, 0.0, 1.2184696791468346e-07, 0.0, 0.0, 0.0, 1.2184696791468346e-07]",,1.87307015,0.85317855,9.60071035,"[8.999999999999999e-08, 0.0, 0.0, 0.0, 8.999999999999999e-08, 0.0, 0.0, 0.0, 8.999999999999999e-08]"
1653996822842678898,,119138,,1643912317,116342272,"""fcu""",,-0.0555658933591,0.0912181534039,-0.149899412606,-0.982914973986,"[1.0, 0.0, 0.0, 0.0, 1.0, 0.0, 0.0, 0.0, 1.0]",,0.00263443798758,0.00142417149618,0.00695314491168,"[1.2184696791468346e-07, 0.0, 0.0, 0.0, 1.2184696791468346e-07, 0.0, 0.0, 0.0, 1.2184696791468346e-07]",,1.8632635,0.8825985,9.5909037,"[8.999999999999999e-08, 0.0, 0.0, 0.0, 8.999999999999999e-08, 0.0, 0.0, 0.0, 8.999999999999999e-08]"
1653996822877849863,,119139,,1643912317,150342272,"""fcu""",,-0.0556122015628,0.0911837576428,-0.150228721187,-0.982865268849,"[1.0, 0.0, 0.0, 0.0, 1.0, 0.0, 0.0, 0.0, 1.0]",,0.00212327507325,0.00079647009261,0.00619270652533,"[1.2184696791468346e-07, 0.0, 0.0, 0.0, 1.2184696791468346e-07, 0.0, 0.0, 0.0, 1.2184696791468346e-07]",,1.8632635,0.87279185,9.60071035,"[8.999999999999999e-08, 0.0, 0.0, 0.0, 8.999999999999999e-08, 0.0, 0.0, 0.0, 8.999999999999999e-08]"
1653996822911283847,,119140,,1643912317,183342272,"""fcu""",,-0.0556490994352,0.0911465569128,-0.150517570197,-0.982822437654,"[1.0, 0.0, 0.0, 0.0, 1.0, 0.0, 0.0, 0.0, 1.0]",,0.00186240975745,0.00135316210799,0.00594886997715,"[1.2184696791468346e-07, 0.0, 0.0, 0.0, 1.2184696791468346e-07, 0.0, 0.0, 0.0, 1.2184696791468346e-07]",,1.87307015,0.8433719,9.5909037,"[8.999999999999999e-08, 0.0, 0.0, 0.0, 8.999999999999999e-08, 0.0, 0.0, 0.0, 8.999999999999999e-08]"
1653996822942540709,,119141,,1643912317,216183040,"""fcu""",,-0.0556990761985,0.0911194995028,-0.150811560149,-0.982777046459,"[1.0, 0.0, 0.0, 0.0, 1.0, 0.0, 0.0, 0.0, 1.0]",,0.00283161993138,0.00069645489566,0.00687227677554,"[1.2184696791468346e-07, 0.0, 0.0, 0.0, 1.2184696791468346e-07, 0.0, 0.0, 0.0, 1.2184696791468346e-07]",,1.8828768,0.8825985,9.5909037,"[8.999999999999999e-08, 0.0, 0.0, 0.0, 8.999999999999999e-08, 0.0, 0.0, 0.0, 8.999999999999999e-08]"
1653996822976233748,,119142,,1643912317,248183040,"""fcu""",,-0.0557535605123,0.091090372964,-0.151128772129,-0.982727927088,"[1.0, 0.0, 0.0, 0.0, 1.0, 0.0, 0.0, 0.0, 1.0]",,0.00278354412876,0.00052846991457,0.00723472842947,"[1.2184696791468346e-07, 0.0, 0.0, 0.0, 1.2184696791468346e-07, 0.0, 0.0, 0.0, 1.2184696791468346e-07]",,1.8828768,0.8433719,9.58109705,"[8.999999999999999e-08, 0.0, 0.0, 0.0, 8.999999999999999e-08, 0.0, 0.0, 0.0, 8.999999999999999e-08]"
1653996823010799725,,119143,,1643912317,283183040,"""fcu""",,-0.0557994249939,0.0910675223906,-0.151466617767,-0.982675426699,"[1.0, 0.0, 0.0, 0.0, 1.0, 0.0, 0.0, 0.0, 1.0]",,0.00239821220748,0.000421146629378,0.0075616100803,"[1.2184696791468346e-07, 0.0, 0.0, 0.0, 1.2184696791468346e-07, 0.0, 0.0, 0.0, 1.2184696791468346e-07]",,1.87307015,0.8629852,9.5909037,"[8.999999999999999e-08, 0.0, 0.0, 0.0, 8.999999999999999e-08, 0.0, 0.0, 0.0, 8.999999999999999e-08]"
1653996823043012396,,119144,,1643912317,314340224,"""fcu""",,-0.0558570637154,0.091039367293,-0.151742743589,-0.982632159968,"[1.0, 0.0, 0.0, 0.0, 1.0, 0.0, 0.0, 0.0, 1.0]",,0.00373217463493,0.000866373069584,0.00738437473774,"[1.2184696791468346e-07, 0.0, 0.0, 0.0, 1.2184696791468346e-07, 0.0, 0.0, 0.0, 1.2184696791468346e-07]",,1.85345685,0.8825985,9.610517,"[8.999999999999999e-08, 0.0, 0.0, 0.0, 8.999999999999999e-08, 0.0, 0.0, 0.0, 8.999999999999999e-08]"
1653996823077068176,,119145,,1643912317,348340224,"""fcu""",,-0.0559004476097,0.0910075522116,-0.152095368024,-0.982578121283,"[1.0, 0.0, 0.0, 0.0, 1.0, 0.0, 0.0, 0.0, 1.0]",,0.00184726435691,0.00102684553713,0.00790709815919,"[1.2184696791468346e-07, 0.0, 0.0, 0.0, 1.2184696791468346e-07, 0.0, 0.0, 0.0, 1.2184696791468346e-07]",,1.8632635,0.8433719,9.5909037,"[8.999999999999999e-08, 0.0, 0.0, 0.0, 8.999999999999999e-08, 0.0, 0.0, 0.0, 8.999999999999999e-08]"
1653996823106625409,,119146,,1643912317,380340224,"""fcu""",,-0.0559410753597,0.0909979710564,-0.15243598103,-0.982523911688,"[1.0, 0.0, 0.0, 0.0, 1.0, 0.0, 0.0, 0.0, 1.0]",,0.00224315561354,-8.18581320345e-05,0.00922327488661,"[1.2184696791468346e-07, 0.0, 0.0, 0.0, 1.2184696791468346e-07, 0.0, 0.0, 0.0, 1.2184696791468346e-07]",,1.85345685,0.8825985,9.610517,"[8.999999999999999e-08, 0.0, 0.0, 0.0, 8.999999999999999e-08, 0.0, 0.0, 0.0, 8.999999999999999e-08]"
1653996823143033808,,119147,,1643912317,414248576,"""fcu""",,-0.0559781362279,0.0909849891744,-0.152751446495,-0.982474007597,"[1.0, 0.0, 0.0, 0.0, 1.0, 0.0, 0.0, 0.0, 1.0]",,0.00192808033898,-0.000109255779535,0.00880237109959,"[1.2184696791468346e-07, 0.0, 0.0, 0.0, 1.2184696791468346e-07, 0.0, 0.0, 0.0, 1.2184696791468346e-07]",,1.87307015,0.8629852,9.5909037,"[8.999999999999999e-08, 0.0, 0.0, 0.0, 8.999999999999999e-08, 0.0, 0.0, 0.0, 8.999999999999999e-08]"
1653996823173333261,,119148,,1643912317,446248576,"""fcu""",,-0.0560173701831,0.0909684358554,-0.153103940637,-0.982418434923,"[1.0, 0.0, 0.0, 0.0, 1.0, 0.0, 0.0, 0.0, 1.0]",,0.001920692157,-0.000407894607633,0.00910693965852,"[1.2184696791468346e-07, 0.0, 0.0, 0.0, 1.2184696791468346e-07, 0.0, 0.0, 0.0, 1.2184696791468346e-07]",,1.85345685,0.89240515,9.60071035,"[8.999999999999999e-08, 0.0, 0.0, 0.0, 8.999999999999999e-08, 0.0, 0.0, 0.0, 8.999999999999999e-08]"
1653996823207442047,,119149,,1643912317,480248576,"""fcu""",,-0.0560697719673,0.0909538923026,-0.153496487042,-0.982355535747,"[1.0, 0.0, 0.0, 0.0, 1.0, 0.0, 0.0, 0.0, 1.0]",,0.00296914647333,-0.000170848798007,0.0110904276371,"[1.2184696791468346e-07, 0.0, 0.0, 0.0, 1.2184696791468346e-07, 0.0, 0.0, 0.0, 1.2184696791468346e-07]",,1.8632635,0.8825985,9.610517,"[8.999999999999999e-08, 0.0, 0.0, 0.0, 8.999999999999999e-08, 0.0, 0.0, 0.0, 8.999999999999999e-08]"
1653996823244232275,,119150,,1643912317,514302336,"""fcu""",,-0.0561037208855,0.0909399019878,-0.153847659552,-0.982299956418,"[1.0, 0.0, 0.0, 0.0, 1.0, 0.0, 0.0, 0.0, 1.0]",,0.00200272351503,0.000801793066785,0.010888312012,"[1.2184696791468346e-07, 0.0, 0.0, 0.0, 1.2184696791468346e-07, 0.0, 0.0, 0.0, 1.2184696791468346e-07]",,1.8436502,0.87279185,9.60071035,"[8.999999999999999e-08, 0.0, 0.0, 0.0, 8.999999999999999e-08, 0.0, 0.0, 0.0, 8.999999999999999e-08]"
1653996823276379905,,119151,,1643912317,546302336,"""fcu""",,-0.0561538113518,0.0909217366261,-0.154230485286,-0.982238741187,"[1.0, 0.0, 0.0, 0.0, 1.0, 0.0, 0.0, 0.0, 1.0]",,0.00314701138996,0.000217454042286,0.0108341891319,"[1.2184696791468346e-07, 0.0, 0.0, 0.0, 1.2184696791468346e-07, 0.0, 0.0, 0.0, 1.2184696791468346e-07]",,1.8632635,0.85317855,9.610517,"[8.999999999999999e-08, 0.0, 0.0, 0.0, 8.999999999999999e-08, 0.0, 0.0, 0.0, 8.999999999999999e-08]"
1653996823307519668,,119152,,1643912317,578302336,"""fcu""",,-0.0561992628916,0.0909098892072,-0.154605670627,-0.982178253427,"[1.0, 0.0, 0.0, 0.0, 1.0, 0.0, 0.0, 0.0, 1.0]",,0.00264825578779,-9.96536109596e-05,0.0114502506331,"[1.2184696791468346e-07, 0.0, 0.0, 0.0, 1.2184696791468346e-07, 0.0, 0.0, 0.0, 1.2184696791468346e-07]",,1.85345685,0.9022118,9.610517,"[8.999999999999999e-08, 0.0, 0.0, 0.0, 8.999999999999999e-08, 0.0, 0.0, 0.0, 8.999999999999999e-08]"
1653996823342274036,,119153,,1643912317,614228096,"""fcu""",,-0.0562504634147,0.0908738685694,-0.155011322972,-0.982114715869,"[1.0, 0.0, 0.0, 0.0, 1.0, 0.0, 0.0, 0.0, 1.0]",,0.00303927157074,0.00157154304907,0.0123701198027,"[1.2184696791468346e-07, 0.0, 0.0, 0.0, 1.2184696791468346e-07, 0.0, 0.0, 0.0, 1.2184696791468346e-07]",,1.85345685,0.8825985,9.60071035,"[8.999999999999999e-08, 0.0, 0.0, 0.0, 8.999999999999999e-08, 0.0, 0.0, 0.0, 8.999999999999999e-08]"
1653996823374395907,,119154,,1643912317,646228096,"""fcu""",,-0.0562983068497,0.0908289095606,-0.155422559497,-0.982051138095,"[1.0, 0.0, 0.0, 0.0, 1.0, 0.0, 0.0, 0.0, 1.0]",,0.00281770853326,0.00196616398171,0.0122939152643,"[1.2184696791468346e-07, 0.0, 0.0, 0.0, 1.2184696791468346e-07, 0.0, 0.0, 0.0, 1.2184696791468346e-07]",,1.85345685,0.9022118,9.610517,"[8.999999999999999e-08, 0.0, 0.0, 0.0, 8.999999999999999e-08, 0.0, 0.0, 0.0, 8.999999999999999e-08]"
1653996823405521846,,119155,,1643912317,678228096,"""fcu""",,-0.0563582598841,0.0907734350032,-0.155819977457,-0.981989849574,"[1.0, 0.0, 0.0, 0.0, 1.0, 0.0, 0.0, 0.0, 1.0]",,0.00399876153097,0.00283261644654,0.0127032706514,"[1.2184696791468346e-07, 0.0, 0.0, 0.0, 1.2184696791468346e-07, 0.0, 0.0, 0.0, 1.2184696791468346e-07]",,1.85345685,0.89240515,9.610517,"[8.999999999999999e-08, 0.0, 0.0, 0.0, 8.999999999999999e-08, 0.0, 0.0, 0.0, 8.999999999999999e-08]"
1653996823437618654,,119156,,1643912317,710228096,"""fcu""",,-0.0564085595642,0.0907166968427,-0.156208085562,-0.981930542007,"[1.0, 0.0, 0.0, 0.0, 1.0, 0.0, 0.0, 0.0, 1.0]",,0.00344930239953,0.00269202538766,0.0124691743404,"[1.2184696791468346e-07, 0.0, 0.0, 0.0, 1.2184696791468346e-07, 0.0, 0.0, 0.0, 1.2184696791468346e-07]",,1.8436502,0.8629852,9.5909037,"[8.999999999999999e-08, 0.0, 0.0, 0.0, 8.999999999999999e-08, 0.0, 0.0, 0.0, 8.999999999999999e-08]"
1653996823471806482,,119157,,1643912317,742944960,"""fcu""",,-0.056478427334,0.0906544643961,-0.156620940713,-0.981866506334,"[1.0, 0.0, 0.0, 0.0, 1.0, 0.0, 0.0, 0.0, 1.0]",,0.00522285234183,0.00289304042235,0.0133428424597,"[1.2184696791468346e-07, 0.0, 0.0, 0.0, 1.2184696791468346e-07, 0.0, 0.0, 0.0, 1.2184696791468346e-07]",,1.85345685,0.87279185,9.58109705,"[8.999999999999999e-08, 0.0, 0.0, 0.0, 8.999999999999999e-08, 0.0, 0.0, 0.0, 8.999999999999999e-08]"
1653996823503905137,,119158,,1643912317,775944960,"""fcu""",,-0.0565425695359,0.0905754838825,-0.15700939416,-0.981808061535,"[1.0, 0.0, 0.0, 0.0, 1.0, 0.0, 0.0, 0.0, 1.0]",,0.00462361983955,0.00404353346676,0.0118957394734,"[1.2184696791468346e-07, 0.0, 0.0, 0.0, 1.2184696791468346e-07, 0.0, 0.0, 0.0, 1.2184696791468346e-07]",,1.87307015,0.89240515,9.5909037,"[8.999999999999999e-08, 0.0, 0.0, 0.0, 8.999999999999999e-08, 0.0, 0.0, 0.0, 8.999999999999999e-08]"
1653996823537385663,,119159,,1643912317,809944960,"""fcu""",,-0.0566100710876,0.0905019124421,-0.157425320669,-0.981744351707,"[1.0, 0.0, 0.0, 0.0, 1.0, 0.0, 0.0, 0.0, 1.0]",,0.00458169076592,0.00311107584275,0.0123372888193,"[1.2184696791468346e-07, 0.0, 0.0, 0.0, 1.2184696791468346e-07, 0.0, 0.0, 0.0, 1.2184696791468346e-07]",,1.8436502,0.8825985,9.60071035,"[8.999999999999999e-08, 0.0, 0.0, 0.0, 8.999999999999999e-08, 0.0, 0.0, 0.0, 8.999999999999999e-08]"
1653996823572836764,,119160,,1643912317,842819008,"""fcu""",,-0.0566873430049,0.090424090879,-0.157823107983,-0.981683195088,"[1.0, 0.0, 0.0, 0.0, 1.0, 0.0, 0.0, 0.0, 1.0]",,0.00556668452919,0.00367386103608,0.0119038242847,"[1.2184696791468346e-07, 0.0, 0.0, 0.0, 1.2184696791468346e-07, 0.0, 0.0, 0.0, 1.2184696791468346e-07]",,1.8632635,0.8825985,9.60071035,"[8.999999999999999e-08, 0.0, 0.0, 0.0, 8.999999999999999e-08, 0.0, 0.0, 0.0, 8.999999999999999e-08]"
1653996823603985426,,119161,,1643912317,875819008,"""fcu""",,-0.0567581693558,0.090346898217,-0.158234842699,-0.981619927849,"[1.0, 0.0, 0.0, 0.0, 1.0, 0.0, 0.0, 0.0, 1.0]",,0.00483881589025,0.00381022784859,0.0132135804743,"[1.2184696791468346e-07, 0.0, 0.0, 0.0, 1.2184696791468346e-07, 0.0, 0.0, 0.0, 1.2184696791468346e-07]",,1.8632635,0.8629852,9.58109705,"[8.999999999999999e-08, 0.0, 0.0, 0.0, 8.999999999999999e-08, 0.0, 0.0, 0.0, 8.999999999999999e-08]"
1653996823637358438,,119162,,1643912317,907819008,"""fcu""",,-0.0568239662763,0.0902689999002,-0.15861153683,-0.981562491591,"[1.0, 0.0, 0.0, 0.0, 1.0, 0.0, 0.0, 0.0, 1.0]",,0.0045629478991,0.0034704906866,0.0120346266776,"[1.2184696791468346e-07, 0.0, 0.0, 0.0, 1.2184696791468346e-07, 0.0, 0.0, 0.0, 1.2184696791468346e-07]",,1.85345685,0.87279185,9.610517,"[8.999999999999999e-08, 0.0, 0.0, 0.0, 8.999999999999999e-08, 0.0, 0.0, 0.0, 8.999999999999999e-08]"
1653996823671845990,,119163,,1643912317,943285184,"""fcu""",,-0.0568841296119,0.0901731263144,-0.159038765466,-0.981498687808,"[1.0, 0.0, 0.0, 0.0, 1.0, 0.0, 0.0, 0.0, 1.0]",,0.00368275283836,0.00528272334486,0.0117155089974,"[1.2184696791468346e-07, 0.0, 0.0, 0.0, 1.2184696791468346e-07, 0.0, 0.0, 0.0, 1.2184696791468346e-07]",,1.8436502,0.89240515,9.5909037,"[8.999999999999999e-08, 0.0, 0.0, 0.0, 8.999999999999999e-08, 0.0, 0.0, 0.0, 8.999999999999999e-08]"
1653996823701841873,,119164,,1643912317,974285184,"""fcu""",,-0.05694165117,0.0900893241518,-0.159402902651,-0.981443975305,"[1.0, 0.0, 0.0, 0.0, 1.0, 0.0, 0.0, 0.0, 1.0]",,0.00413161190227,0.0046335849911,0.0122312260792,"[1.2184696791468346e-07, 0.0, 0.0, 0.0, 1.2184696791468346e-07, 0.0, 0.0, 0.0, 1.2184696791468346e-07]",,1.8436502,0.8825985,9.58109705,"[8.999999999999999e-08, 0.0, 0.0, 0.0, 8.999999999999999e-08, 0.0, 0.0, 0.0, 8.999999999999999e-08]"
1653996823736398999,,119165,,1643912318,8285184,"""fcu""",,-0.0570055201745,0.0899859994461,-0.159809682323,-0.981383592694,"[1.0, 0.0, 0.0, 0.0, 1.0, 0.0, 0.0, 0.0, 1.0]",,0.00460665486753,0.00508447224274,0.0117429699749,"[1.2184696791468346e-07, 0.0, 0.0, 0.0, 1.2184696791468346e-07, 0.0, 0.0, 0.0, 1.2184696791468346e-07]",,1.85345685,0.87279185,9.60071035,"[8.999999999999999e-08, 0.0, 0.0, 0.0, 8.999999999999999e-08, 0.0, 0.0, 0.0, 8.999999999999999e-08]"
1653996823768894363,,119166,,1643912318,40102656,"""fcu""",,-0.057061614597,0.0898855608208,-0.160226251633,-0.981321612104,"[1.0, 0.0, 0.0, 0.0, 1.0, 0.0, 0.0, 0.0, 1.0]",,0.00429594237357,0.00484214443713,0.0126225557178,"[1.2184696791468346e-07, 0.0, 0.0, 0.0, 1.2184696791468346e-07, 0.0, 0.0, 0.0, 1.2184696791468346e-07]",,1.8632635,0.87279185,9.58109705,"[8.999999999999999e-08, 0.0, 0.0, 0.0, 8.999999999999999e-08, 0.0, 0.0, 0.0, 8.999999999999999e-08]"
1653996823803292651,,119167,,1643912318,74102656,"""fcu""",,-0.0571032284148,0.0897897052464,-0.160608308799,-0.981265510084,"[1.0, 0.0, 0.0, 0.0, 1.0, 0.0, 0.0, 0.0, 1.0]",,0.00329842953943,0.00555212888867,0.0114843454212,"[1.2184696791468346e-07, 0.0, 0.0, 0.0, 1.2184696791468346e-07, 0.0, 0.0, 0.0, 1.2184696791468346e-07]",,1.8436502,0.87279185,9.58109705,"[8.999999999999999e-08, 0.0, 0.0, 0.0, 8.999999999999999e-08, 0.0, 0.0, 0.0, 8.999999999999999e-08]"
1653996823835458110,,119168,,1643912318,107102656,"""fcu""",,-0.0571419682595,0.0896818590355,-0.1610016552,-0.981208656019,"[1.0, 0.0, 0.0, 0.0, 1.0, 0.0, 0.0, 0.0, 1.0]",,0.00337607855909,0.00596957979724,0.0126378331333,"[1.2184696791468346e-07, 0.0, 0.0, 0.0, 1.2184696791468346e-07, 0.0, 0.0, 0.0, 1.2184696791468346e-07]",,1.8436502,0.85317855,9.610517,"[8.999999999999999e-08, 0.0, 0.0, 0.0, 8.999999999999999e-08, 0.0, 0.0, 0.0, 8.999999999999999e-08]"
1653996823867422584,,119169,,1643912318,140100352,"""fcu""",,-0.0571915878368,0.0895472166204,-0.161438842521,-0.981146226819,"[1.0, 0.0, 0.0, 0.0, 1.0, 0.0, 0.0, 0.0, 1.0]",,0.00418723281473,0.0071700247936,0.0125822070986,"[1.2184696791468346e-07, 0.0, 0.0, 0.0, 1.2184696791468346e-07, 0.0, 0.0, 0.0, 1.2184696791468346e-07]",,1.8632635,0.89240515,9.60071035,"[8.999999999999999e-08, 0.0, 0.0, 0.0, 8.999999999999999e-08, 0.0, 0.0, 0.0, 8.999999999999999e-08]"
1653996823901613581,,119170,,1643912318,174100352,"""fcu""",,-0.0572342292796,0.0893985876911,-0.16186677465,-0.98108678657,"[1.0, 0.0, 0.0, 0.0, 1.0, 0.0, 0.0, 0.0, 1.0]",,0.00433820672333,0.00870943535119,0.0139738982543,"[1.2184696791468346e-07, 0.0, 0.0, 0.0, 1.2184696791468346e-07, 0.0, 0.0, 0.0, 1.2184696791468346e-07]",,1.83384355,0.8825985,9.5909037,"[8.999999999999999e-08, 0.0, 0.0, 0.0, 8.999999999999999e-08, 0.0, 0.0, 0.0, 8.999999999999999e-08]"
1653996823934078576,,119171,,1643912318,207100352,"""fcu""",,-0.0572985788292,0.0891675755169,-0.162297844634,-0.981032836335,"[1.0, 0.0, 0.0, 0.0, 1.0, 0.0, 0.0, 0.0, 1.0]",,0.00670576188713,0.0144173884764,0.015137154609,"[1.2184696791468346e-07, 0.0, 0.0, 0.0, 1.2184696791468346e-07, 0.0, 0.0, 0.0, 1.2184696791468346e-07]",,1.81423025,0.8825985,9.610517,"[8.999999999999999e-08, 0.0, 0.0, 0.0, 8.999999999999999e-08, 0.0, 0.0, 0.0, 8.999999999999999e-08]"
1653996823966074147,,119172,,1643912318,238136448,"""fcu""",,-0.0574183661772,0.0887058750915,-0.162834213251,-0.980978806063,"[1.0, 0.0, 0.0, 0.0, 1.0, 0.0, 0.0, 0.0, 1.0]",,0.0138368476182,0.0302697923034,0.0194916091859,"[1.2184696791468346e-07, 0.0, 0.0, 0.0, 1.2184696791468346e-07, 0.0, 0.0, 0.0, 1.2184696791468346e-07]",,1.77500365,0.9218251,9.60071035,"[8.999999999999999e-08, 0.0, 0.0, 0.0, 8.999999999999999e-08, 0.0, 0.0, 0.0, 8.999999999999999e-08]"
1653996823999977055,,119173,,1643912318,274136448,"""fcu""",,-0.057572568531,0.0877349065323,-0.163537530175,-0.980940090807,"[1.0, 0.0, 0.0, 0.0, 1.0, 0.0, 0.0, 0.0, 1.0]",,0.0209277123213,0.058561552316,0.0247294530272,"[1.2184696791468346e-07, 0.0, 0.0, 0.0, 1.2184696791468346e-07, 0.0, 0.0, 0.0, 1.2184696791468346e-07]",,1.73577705,0.93163175,9.56148375,"[8.999999999999999e-08, 0.0, 0.0, 0.0, 8.999999999999999e-08, 0.0, 0.0, 0.0, 8.999999999999999e-08]"
1653996824030385513,,119174,,1643912318,304136448,"""fcu""",,-0.0577770277875,0.0865297781759,-0.164222023459,-0.980920761102,"[1.0, 0.0, 0.0, 0.0, 1.0, 0.0, 0.0, 0.0, 1.0]",,0.0283000338823,0.0806283950806,0.0280551239848,"[1.2184696791468346e-07, 0.0, 0.0, 0.0, 1.2184696791468346e-07, 0.0, 0.0, 0.0, 1.2184696791468346e-07]",,1.71616375,0.93163175,9.5712904,"[8.999999999999999e-08, 0.0, 0.0, 0.0, 8.999999999999999e-08, 0.0, 0.0, 0.0, 8.999999999999999e-08]"
1653996824066753285,,119175,,1643912318,338136448,"""fcu""",,-0.0580519967472,0.0847901847275,-0.165144970587,-0.980901487886,"[1.0, 0.0, 0.0, 0.0, 1.0, 0.0, 0.0, 0.0, 1.0]",,0.0349247418344,0.0988974645734,0.0330608300865,"[1.2184696791468346e-07, 0.0, 0.0, 0.0, 1.2184696791468346e-07, 0.0, 0.0, 0.0, 1.2184696791468346e-07]",,1.69655045,0.9218251,9.5712904,"[8.999999999999999e-08, 0.0, 0.0, 0.0, 8.999999999999999e-08, 0.0, 0.0, 0.0, 8.999999999999999e-08]"
1653996824098438240,,119176,,1643912318,370136448,"""fcu""",,-0.058356921551,0.0830177753613,-0.166062267877,-0.980880136341,"[1.0, 0.0, 0.0, 0.0, 1.0, 0.0, 0.0, 0.0, 1.0]",,0.0394669249654,0.104537561536,0.0349359996617,"[1.2184696791468346e-07, 0.0, 0.0, 0.0, 1.2184696791468346e-07, 0.0, 0.0, 0.0, 1.2184696791468346e-07]",,1.6867438,0.9414384,9.5909037,"[8.999999999999999e-08, 0.0, 0.0, 0.0, 8.999999999999999e-08, 0.0, 0.0, 0.0, 8.999999999999999e-08]"
1653996824130797574,,119177,,1643912318,404136448,"""fcu""",,-0.0586471211983,0.0812730981026,-0.166980209386,-0.980853102342,"[1.0, 0.0, 0.0, 0.0, 1.0, 0.0, 0.0, 0.0, 1.0]",,0.0381816253066,0.106209695339,0.0371197201312,"[1.2184696791468346e-07, 0.0, 0.0, 0.0, 1.2184696791468346e-07, 0.0, 0.0, 0.0, 1.2184696791468346e-07]",,1.69655045,0.9218251,9.63993695,"[8.999999999999999e-08, 0.0, 0.0, 0.0, 8.999999999999999e-08, 0.0, 0.0, 0.0, 8.999999999999999e-08]"
1653996824163288719,,119178,,1643912318,436062976,"""fcu""",,-0.0589604364243,0.0795008813223,-0.167959581343,-0.980812344866,"[1.0, 0.0, 0.0, 0.0, 1.0, 0.0, 0.0, 0.0, 1.0]",,0.0387647226453,0.103623367846,0.038463331759,"[1.2184696791468346e-07, 0.0, 0.0, 0.0, 1.2184696791468346e-07, 0.0, 0.0, 0.0, 1.2184696791468346e-07]",,1.65732385,0.95124505,9.63993695,"[8.999999999999999e-08, 0.0, 0.0, 0.0, 8.999999999999999e-08, 0.0, 0.0, 0.0, 8.999999999999999e-08]"
1653996824198104495,,119179,,1643912318,470062976,"""fcu""",,-0.0592987156508,0.0776686120148,-0.16902713314,-0.980755360573,"[1.0, 0.0, 0.0, 0.0, 1.0, 0.0, 0.0, 0.0, 1.0]",,0.0386704467237,0.100515700877,0.040673006326,"[1.2184696791468346e-07, 0.0, 0.0, 0.0, 1.2184696791468346e-07, 0.0, 0.0, 0.0, 1.2184696791468346e-07]",,1.61809725,0.980665,9.63993695,"[8.999999999999999e-08, 0.0, 0.0, 0.0, 8.999999999999999e-08, 0.0, 0.0, 0.0, 8.999999999999999e-08]"
1653996824233938502,,119180,,1643912318,504062976,"""fcu""",,-0.0596158761821,0.0760493118184,-0.170024457628,-0.980690640971,"[1.0, 0.0, 0.0, 0.0, 1.0, 0.0, 0.0, 0.0, 1.0]",,0.0390997640789,0.097872145474,0.0429950505495,"[1.2184696791468346e-07, 0.0, 0.0, 0.0, 1.2184696791468346e-07, 0.0, 0.0, 0.0, 1.2184696791468346e-07]",,1.59848395,0.9414384,9.67916355,"[8.999999999999999e-08, 0.0, 0.0, 0.0, 8.999999999999999e-08, 0.0, 0.0, 0.0, 8.999999999999999e-08]"
1653996824262689819,,119181,,1643912318,535761664,"""fcu""",,-0.0599761146049,0.0743526041261,-0.171103110868,-0.980611177474,"[1.0, 0.0, 0.0, 0.0, 1.0, 0.0, 0.0, 0.0, 1.0]",,0.041521307081,0.0999817475677,0.0451411046088,"[1.2184696791468346e-07, 0.0, 0.0, 0.0, 1.2184696791468346e-07, 0.0, 0.0, 0.0, 1.2184696791468346e-07]",,1.5494507,0.980665,9.65955025,"[8.999999999999999e-08, 0.0, 0.0, 0.0, 8.999999999999999e-08, 0.0, 0.0, 0.0, 8.999999999999999e-08]"
1653996824295473875,,119182,,1643912318,567761664,"""fcu""",,-0.0603482825314,0.0725191800038,-0.172246825091,-0.980525412508,"[1.0, 0.0, 0.0, 0.0, 1.0, 0.0, 0.0, 0.0, 1.0]",,0.0460861176252,0.112848989666,0.0505250282586,"[1.2184696791468346e-07, 0.0, 0.0, 0.0, 1.2184696791468346e-07, 0.0, 0.0, 0.0, 1.2184696791468346e-07]",,1.46119085,1.0002783,9.63993695,"[8.999999999999999e-08, 0.0, 0.0, 0.0, 8.999999999999999e-08, 0.0, 0.0, 0.0, 8.999999999999999e-08]"
1653996824330654043,,119183,,1643912318,603761664,"""fcu""",,-0.0608185211668,0.0702461891522,-0.173580261328,-0.980426679191,"[1.0, 0.0, 0.0, 0.0, 1.0, 0.0, 0.0, 0.0, 1.0]",,0.0548539012671,0.133090049028,0.0567267537117,"[1.2184696791468346e-07, 0.0, 0.0, 0.0, 1.2184696791468346e-07, 0.0, 0.0, 0.0, 1.2184696791468346e-07]",,1.372931,1.04931155,9.6301303,"[8.999999999999999e-08, 0.0, 0.0, 0.0, 8.999999999999999e-08, 0.0, 0.0, 0.0, 8.999999999999999e-08]"
1653996824362718216,,119184,,1643912318,633999232,"""fcu""",,-0.0612983566048,0.0678304777266,-0.174910589041,-0.980330466532,"[1.0, 0.0, 0.0, 0.0, 1.0, 0.0, 0.0, 0.0, 1.0]",,0.0642774552107,0.1592168957,0.0637940466404,"[1.2184696791468346e-07, 0.0, 0.0, 0.0, 1.2184696791468346e-07, 0.0, 0.0, 0.0, 1.2184696791468346e-07]",,1.28467115,1.06892485,9.63993695,"[8.999999999999999e-08, 0.0, 0.0, 0.0, 8.999999999999999e-08, 0.0, 0.0, 0.0, 8.999999999999999e-08]"
1653996824397088637,,119185,,1643912318,667999232,"""fcu""",,-0.0618961287815,0.0644699724128,-0.176643795703,-0.980208886584,"[1.0, 0.0, 0.0, 0.0, 1.0, 0.0, 0.0, 0.0, 1.0]",,0.0727168470621,0.192457646132,0.0726629197598,"[1.2184696791468346e-07, 0.0, 0.0, 0.0, 1.2184696791468346e-07, 0.0, 0.0, 0.0, 1.2184696791468346e-07]",,1.20621795,1.10815145,9.62032365,"[8.999999999999999e-08, 0.0, 0.0, 0.0, 8.999999999999999e-08, 0.0, 0.0, 0.0, 8.999999999999999e-08]"
1653996824427000698,,119186,,1643912318,699999232,"""fcu""",,-0.0625087624833,0.0608583907233,-0.178406889287,-0.980081574537,"[1.0, 0.0, 0.0, 0.0, 1.0, 0.0, 0.0, 0.0, 1.0]",,0.0804322361946,0.21692456305,0.0788261592388,"[1.2184696791468346e-07, 0.0, 0.0, 0.0, 1.2184696791468346e-07, 0.0, 0.0, 0.0, 1.2184696791468346e-07]",,1.1571847,1.1375714,9.65955025,"[8.999999999999999e-08, 0.0, 0.0, 0.0, 8.999999999999999e-08, 0.0, 0.0, 0.0, 8.999999999999999e-08]"
1653996824462005532,,119187,,1643912318,734409344,"""fcu""",,-0.0631226009361,0.057101854547,-0.180216267448,-0.979937249218,"[1.0, 0.0, 0.0, 0.0, 1.0, 0.0, 0.0, 0.0, 1.0]",,0.0851152092218,0.230024144053,0.0819464176893,"[1.2184696791468346e-07, 0.0, 0.0, 0.0, 1.2184696791468346e-07, 0.0, 0.0, 0.0, 1.2184696791468346e-07]",,1.1375714,1.1179581,9.6497436,"[8.999999999999999e-08, 0.0, 0.0, 0.0, 8.999999999999999e-08, 0.0, 0.0, 0.0, 8.999999999999999e-08]"
1653996824493461756,,119188,,1643912318,766409344,"""fcu""",,-0.063731566871,0.0531164342275,-0.182134768934,-0.97976724672,"[1.0, 0.0, 0.0, 0.0, 1.0, 0.0, 0.0, 0.0, 1.0]",,0.0836871191859,0.236104115844,0.085494145751,"[1.2184696791468346e-07, 0.0, 0.0, 0.0, 1.2184696791468346e-07, 0.0, 0.0, 0.0, 1.2184696791468346e-07]",,1.0983448,1.1571847,9.71839015,"[8.999999999999999e-08, 0.0, 0.0, 0.0, 8.999999999999999e-08, 0.0, 0.0, 0.0, 8.999999999999999e-08]"
1653996824527615826,,119189,,1643912318,800409344,"""fcu""",,-0.0643626595339,0.0488551261693,-0.184187814262,-0.979563920213,"[1.0, 0.0, 0.0, 0.0, 1.0, 0.0, 0.0, 0.0, 1.0]",,0.0839172974229,0.237629964948,0.0873148813844,"[1.2184696791468346e-07, 0.0, 0.0, 0.0, 1.2184696791468346e-07, 0.0, 0.0, 0.0, 1.2184696791468346e-07]",,1.0395049,1.1375714,9.7085835,"[8.999999999999999e-08, 0.0, 0.0, 0.0, 8.999999999999999e-08, 0.0, 0.0, 0.0, 8.999999999999999e-08]"
1653996824561629453,,119190,,1643912318,833818496,"""fcu""",,-0.0649086768147,0.0449368277545,-0.186109542086,-0.97935222649,"[1.0, 0.0, 0.0, 0.0, 1.0, 0.0, 0.0, 0.0, 1.0]",,0.0821621268988,0.239290967584,0.0892203822732,"[1.2184696791468346e-07, 0.0, 0.0, 0.0, 1.2184696791468346e-07, 0.0, 0.0, 0.0, 1.2184696791468346e-07]",,0.93163175,1.1964113,9.7085835,"[8.999999999999999e-08, 0.0, 0.0, 0.0, 8.999999999999999e-08, 0.0, 0.0, 0.0, 8.999999999999999e-08]"
1653996824593085825,,119191,,1643912318,865818496,"""fcu""",,-0.0654302602237,0.0408447300867,-0.188104554962,-0.979115552667,"[1.0, 0.0, 0.0, 0.0, 1.0, 0.0, 0.0, 0.0, 1.0]",,0.0804472565651,0.243558093905,0.0904302448034,"[1.2184696791468346e-07, 0.0, 0.0, 0.0, 1.2184696791468346e-07, 0.0, 0.0, 0.0, 1.2184696791468346e-07]",,0.85317855,1.2160246,9.7281968,"[8.999999999999999e-08, 0.0, 0.0, 0.0, 8.999999999999999e-08, 0.0, 0.0, 0.0, 8.999999999999999e-08]"
1653996824624734922,,119192,,1643912318,897818496,"""fcu""",,-0.0658956814418,0.0368211147756,-0.190080206204,-0.978862339598,"[1.0, 0.0, 0.0, 0.0, 1.0, 0.0, 0.0, 0.0, 1.0]",,0.0795079916716,0.247246280313,0.0932023599744,"[1.2184696791468346e-07, 0.0, 0.0, 0.0, 1.2184696791468346e-07, 0.0, 0.0, 0.0, 1.2184696791468346e-07]",,0.75511205,1.2356379,9.73800345,"[8.999999999999999e-08, 0.0, 0.0, 0.0, 8.999999999999999e-08, 0.0, 0.0, 0.0, 8.999999999999999e-08]"
1653996824661096189,,119193,,1643912318,933638272,"""fcu""",,-0.0663643930617,0.0322418584233,-0.192331435084,-0.978552425258,"[1.0, 0.0, 0.0, 0.0, 1.0, 0.0, 0.0, 0.0, 1.0]",,0.0767584219575,0.250243961811,0.0947613492608,"[1.2184696791468346e-07, 0.0, 0.0, 0.0, 1.2184696791468346e-07, 0.0, 0.0, 0.0, 1.2184696791468346e-07]",,0.6864655,1.2944778,9.73800345,"[8.999999999999999e-08, 0.0, 0.0, 0.0, 8.999999999999999e-08, 0.0, 0.0, 0.0, 8.999999999999999e-08]"
1653996824694761675,,119194,,1643912318,965638272,"""fcu""",,-0.0667252414045,0.0281918342095,-0.194343198289,-0.978255428772,"[1.0, 0.0, 0.0, 0.0, 1.0, 0.0, 0.0, 0.0, 1.0]",,0.0725641101599,0.249511212111,0.0953231602907,"[1.2184696791468346e-07, 0.0, 0.0, 0.0, 1.2184696791468346e-07, 0.0, 0.0, 0.0, 1.2184696791468346e-07]",,0.6276256,1.3140911,9.75761675,"[8.999999999999999e-08, 0.0, 0.0, 0.0, 8.999999999999999e-08, 0.0, 0.0, 0.0, 8.999999999999999e-08]"
1653996824725268708,,119195,,1643912318,997638272,"""fcu""",,-0.0670073703553,0.0241754343708,-0.196347231257,-0.977943416292,"[1.0, 0.0, 0.0, 0.0, 1.0, 0.0, 0.0, 0.0, 1.0]",,0.068060785532,0.248223632574,0.0956038683653,"[1.2184696791468346e-07, 0.0, 0.0, 0.0, 1.2184696791468346e-07, 0.0, 0.0, 0.0, 1.2184696791468346e-07]",,0.53936575,1.30428445,9.75761675,"[8.999999999999999e-08, 0.0, 0.0, 0.0, 8.999999999999999e-08, 0.0, 0.0, 0.0, 8.999999999999999e-08]"
1653996824758073897,,119196,,1643912319,29527680,"""fcu""",,-0.0671990773222,0.0202361993892,-0.198325883254,-0.977620388634,"[1.0, 0.0, 0.0, 0.0, 1.0, 0.0, 0.0, 0.0, 1.0]",,0.0606615394354,0.244116902351,0.0940589904785,"[1.2184696791468346e-07, 0.0, 0.0, 0.0, 1.2184696791468346e-07, 0.0, 0.0, 0.0, 1.2184696791468346e-07]",,0.4511059,1.3140911,9.7674234,"[8.999999999999999e-08, 0.0, 0.0, 0.0, 8.999999999999999e-08, 0.0, 0.0, 0.0, 8.999999999999999e-08]"
1653996824790933960,,119197,,1643912319,62527680,"""fcu""",,-0.0672903465137,0.016431463075,-0.200294206689,-0.977284117877,"[1.0, 0.0, 0.0, 0.0, 1.0, 0.0, 0.0, 0.0, 1.0]",,0.0535855740309,0.236590176821,0.0944942906499,"[1.2184696791468346e-07, 0.0, 0.0, 0.0, 1.2184696791468346e-07, 0.0, 0.0, 0.0, 1.2184696791468346e-07]",,0.38245935,1.34351105,9.7674234,"[8.999999999999999e-08, 0.0, 0.0, 0.0, 8.999999999999999e-08, 0.0, 0.0, 0.0, 8.999999999999999e-08]"
1653996824824145406,,119198,,1643912319,95527680,"""fcu""",,-0.0672661107813,0.0126566097671,-0.20228984933,-0.976930856012,"[1.0, 0.0, 0.0, 0.0, 1.0, 0.0, 0.0, 0.0, 1.0]",,0.0447854213417,0.229053676128,0.0939990654588,"[1.2184696791468346e-07, 0.0, 0.0, 0.0, 1.2184696791468346e-07, 0.0, 0.0, 0.0, 1.2184696791468346e-07]",,0.2941995,1.38273765,9.7870367,"[8.999999999999999e-08, 0.0, 0.0, 0.0, 8.999999999999999e-08, 0.0, 0.0, 0.0, 8.999999999999999e-08]"
1653996824860533711,,119199,,1643912319,129875840,"""fcu""",,-0.067100139581,0.00877946271937,-0.20439349119,-0.976546871923,"[1.0, 0.0, 0.0, 0.0, 1.0, 0.0, 0.0, 0.0, 1.0]",,0.0350270420313,0.223549008369,0.0937727019191,"[1.2184696791468346e-07, 0.0, 0.0, 0.0, 1.2184696791468346e-07, 0.0, 0.0, 0.0, 1.2184696791468346e-07]",,0.22555295,1.3925443,9.7870367,"[8.999999999999999e-08, 0.0, 0.0, 0.0, 8.999999999999999e-08, 0.0, 0.0, 0.0, 8.999999999999999e-08]"
1653996824890934554,,119200,,1643912319,162875840,"""fcu""",,-0.0668165209037,0.00533006424984,-0.206315069398,-0.976187090208,"[1.0, 0.0, 0.0, 0.0, 1.0, 0.0, 0.0, 0.0, 1.0]",,0.0261192657053,0.2192479074,0.0940335318446,"[1.2184696791468346e-07, 0.0, 0.0, 0.0, 1.2184696791468346e-07, 0.0, 0.0, 0.0, 1.2184696791468346e-07]",,0.1176798,1.42196425,9.7870367,"[8.999999999999999e-08, 0.0, 0.0, 0.0, 8.999999999999999e-08, 0.0, 0.0, 0.0, 8.999999999999999e-08]"
1653996824924588779,,119201,,1643912319,195875840,"""fcu""",,-0.0663724369392,0.00189647354677,-0.208278280564,-0.975813128036,"[1.0, 0.0, 0.0, 0.0, 1.0, 0.0, 0.0, 0.0, 1.0]",,0.0155995702371,0.213666141033,0.0944673418999,"[1.2184696791468346e-07, 0.0, 0.0, 0.0, 1.2184696791468346e-07, 0.0, 0.0, 0.0, 1.2184696791468346e-07]",,0.0392266,1.42196425,9.75761675,"[8.999999999999999e-08, 0.0, 0.0, 0.0, 8.999999999999999e-08, 0.0, 0.0, 0.0, 8.999999999999999e-08]"
1653996824954926626,,119202,,1643912319,227896832,"""fcu""",,-0.0658118120179,-0.00127741134876,-0.210183054416,-0.975443620747,"[1.0, 0.0, 0.0, 0.0, 1.0, 0.0, 0.0, 0.0, 1.0]",,0.00533447647467,0.205548241735,0.0943892747164,"[1.2184696791468346e-07, 0.0, 0.0, 0.0, 1.2184696791468346e-07, 0.0, 0.0, 0.0, 1.2184696791468346e-07]",,-0.00980665,1.42196425,9.77723005,"[8.999999999999999e-08, 0.0, 0.0, 0.0, 8.999999999999999e-08, 0.0, 0.0, 0.0, 8.999999999999999e-08]"
1653996824992747558,,119203,,1643912319,262896832,"""fcu""",,-0.0650072275446,-0.00447001226216,-0.21225262028,-0.975039950228,"[1.0, 0.0, 0.0, 0.0, 1.0, 0.0, 0.0, 0.0, 1.0]",,-0.00953236594796,0.190099984407,0.0940950661898,"[1.2184696791468346e-07, 0.0, 0.0, 0.0, 1.2184696791468346e-07, 0.0, 0.0, 0.0, 1.2184696791468346e-07]",,-0.06864655,1.4121576,9.7870367,"[8.999999999999999e-08, 0.0, 0.0, 0.0, 8.999999999999999e-08, 0.0, 0.0, 0.0, 8.999999999999999e-08]"
1653996825021854086,,119204,,1643912319,293896832,"""fcu""",,-0.064163212208,-0.00685427295575,-0.213994905958,-0.974701124122,"[1.0, 0.0, 0.0, 0.0, 1.0, 0.0, 0.0, 0.0, 1.0]",,-0.0232932753861,0.170302972198,0.0949538722634,"[1.2184696791468346e-07, 0.0, 0.0, 0.0, 1.2184696791468346e-07, 0.0, 0.0, 0.0, 1.2184696791468346e-07]",,-0.0588399,1.40235095,9.77723005,"[8.999999999999999e-08, 0.0, 0.0, 0.0, 8.999999999999999e-08, 0.0, 0.0, 0.0, 8.999999999999999e-08]"
1653996825056078178,,119205,,1643912319,327742464,"""fcu""",,-0.0629947728895,-0.0091325270473,-0.215998257461,-0.974316687896,"[1.0, 0.0, 0.0, 0.0, 1.0, 0.0, 0.0, 0.0, 1.0]",,-0.0409787930548,0.141473606229,0.0951268672943,"[1.2184696791468346e-07, 0.0, 0.0, 0.0, 1.2184696791468346e-07, 0.0, 0.0, 0.0, 1.2184696791468346e-07]",,-0.10787315,1.3925443,9.79684335,"[8.999999999999999e-08, 0.0, 0.0, 0.0, 8.999999999999999e-08, 0.0, 0.0, 0.0, 8.999999999999999e-08]"
1653996825087818381,,119206,,1643912319,359742464,"""fcu""",,-0.0617443108353,-0.0107513797179,-0.217876272734,-0.973962000128,"[1.0, 0.0, 0.0, 0.0, 1.0, 0.0, 0.0, 0.0, 1.0]",,-0.0562266334891,0.113056451082,0.0958029925823,"[1.2184696791468346e-07, 0.0, 0.0, 0.0, 1.2184696791468346e-07, 0.0, 0.0, 0.0, 1.2184696791468346e-07]",,-0.1372931,1.3533177,9.77723005,"[8.999999999999999e-08, 0.0, 0.0, 0.0, 8.999999999999999e-08, 0.0, 0.0, 0.0, 8.999999999999999e-08]"
1653996825120592274,,119207,,1643912319,393742464,"""fcu""",,-0.0604022716882,-0.011819214594,-0.219685368087,-0.973627346981,"[1.0, 0.0, 0.0, 0.0, 1.0, 0.0, 0.0, 0.0, 1.0]",,-0.0702299922705,0.0848451405764,0.0972741395235,"[1.2184696791468346e-07, 0.0, 0.0, 0.0, 1.2184696791468346e-07, 0.0, 0.0, 0.0, 1.2184696791468346e-07]",,-0.1569064,1.34351105,9.7674234,"[8.999999999999999e-08, 0.0, 0.0, 0.0, 8.999999999999999e-08, 0.0, 0.0, 0.0, 8.999999999999999e-08]"
1653996825154233664,,119208,,1643912319,426013568,"""fcu""",,-0.05886937813,-0.0124476458939,-0.221521069753,-0.973297420158,"[1.0, 0.0, 0.0, 0.0, 1.0, 0.0, 0.0, 0.0, 1.0]",,-0.0859407037497,0.0585488602519,0.0973636060953,"[1.2184696791468346e-07, 0.0, 0.0, 0.0, 1.2184696791468346e-07, 0.0, 0.0, 0.0, 1.2184696791468346e-07]",,-0.20593965,1.32389775,9.7674234,"[8.999999999999999e-08, 0.0, 0.0, 0.0, 8.999999999999999e-08, 0.0, 0.0, 0.0, 8.999999999999999e-08]"
1653996825188008494,,119209,,1643912319,460013568,"""fcu""",,-0.0571623080057,-0.0126280367505,-0.223410565796,-0.972964913202,"[1.0, 0.0, 0.0, 0.0, 1.0, 0.0, 0.0, 0.0, 1.0]",,-0.0986587107182,0.0333419367671,0.0979590937495,"[1.2184696791468346e-07, 0.0, 0.0, 0.0, 1.2184696791468346e-07, 0.0, 0.0, 0.0, 1.2184696791468346e-07]",,-0.24516625,1.30428445,9.7674234,"[8.999999999999999e-08, 0.0, 0.0, 0.0, 8.999999999999999e-08, 0.0, 0.0, 0.0, 8.999999999999999e-08]"
1653996825221745962,,119210,,1643912319,494013568,"""fcu""",,-0.0554579559737,-0.0123624944888,-0.225147597666,-0.972666511768,"[1.0, 0.0, 0.0, 0.0, 1.0, 0.0, 0.0, 0.0, 1.0]",,-0.11027264595,0.00871595181525,0.0975072532892,"[1.2184696791468346e-07, 0.0, 0.0, 0.0, 1.2184696791468346e-07, 0.0, 0.0, 0.0, 1.2184696791468346e-07]",,-0.24516625,1.2552512,9.7674234,"[8.999999999999999e-08, 0.0, 0.0, 0.0, 8.999999999999999e-08, 0.0, 0.0, 0.0, 8.999999999999999e-08]"
1653996825253383043,,119211,,1643912319,525634688,"""fcu""",,-0.053623785474,-0.0116874571896,-0.226921694662,-0.972365382697,"[1.0, 0.0, 0.0, 0.0, 1.0, 0.0, 0.0, 0.0, 1.0]",,-0.119676589966,-0.0144192148,0.0985299795866,"[1.2184696791468346e-07, 0.0, 0.0, 0.0, 1.2184696791468346e-07, 0.0, 0.0, 0.0, 1.2184696791468346e-07]",,-0.2353596,1.2160246,9.73800345,"[8.999999999999999e-08, 0.0, 0.0, 0.0, 8.999999999999999e-08, 0.0, 0.0, 0.0, 8.999999999999999e-08]"
1653996825286991562,,119212,,1643912319,557634688,"""fcu""",,-0.0517885284639,-0.0106851886973,-0.228634161716,-0.972075200362,"[1.0, 0.0, 0.0, 0.0, 1.0, 0.0, 0.0, 0.0, 1.0]",,-0.127952888608,-0.0338660851121,0.0978234484792,"[1.2184696791468346e-07, 0.0, 0.0, 0.0, 1.2184696791468346e-07, 0.0, 0.0, 0.0, 1.2184696791468346e-07]",,-0.20593965,1.18660465,9.75761675,"[8.999999999999999e-08, 0.0, 0.0, 0.0, 8.999999999999999e-08, 0.0, 0.0, 0.0, 8.999999999999999e-08]"
1653996825320355014,,119213,,1643912319,593634688,"""fcu""",,-0.0497123013708,-0.009201308185,-0.230456294134,-0.971768449536,"[1.0, 0.0, 0.0, 0.0, 1.0, 0.0, 0.0, 0.0, 1.0]",,-0.136959940195,-0.05525842309,0.0967394337058,"[1.2184696791468346e-07, 0.0, 0.0, 0.0, 1.2184696791468346e-07, 0.0, 0.0, 0.0, 1.2184696791468346e-07]",,-0.18632635,1.12776475,9.71839015,"[8.999999999999999e-08, 0.0, 0.0, 0.0, 8.999999999999999e-08, 0.0, 0.0, 0.0, 8.999999999999999e-08]"
1653996825354507087,,119214,,1643912319,625800832,"""fcu""",,-0.0477306374333,-0.0074417981651,-0.232144735599,-0.971480945579,"[1.0, 0.0, 0.0, 0.0, 1.0, 0.0, 0.0, 0.0, 1.0]",,-0.142950713634,-0.0753210633993,0.0970069095492,"[1.2184696791468346e-07, 0.0, 0.0, 0.0, 1.2184696791468346e-07, 0.0, 0.0, 0.0, 1.2184696791468346e-07]",,-0.12748645,1.0591182,9.7281968,"[8.999999999999999e-08, 0.0, 0.0, 0.0, 8.999999999999999e-08, 0.0, 0.0, 0.0, 8.999999999999999e-08]"
1653996825385412538,,119215,,1643912319,657800832,"""fcu""",,-0.0457885484059,-0.00543824451346,-0.233774572517,-0.971196830502,"[1.0, 0.0, 0.0, 0.0, 1.0, 0.0, 0.0, 0.0, 1.0]",,-0.148254558444,-0.0929731801152,0.0962834730744,"[1.2184696791468346e-07, 0.0, 0.0, 0.0, 1.2184696791468346e-07, 0.0, 0.0, 0.0, 1.2184696791468346e-07]",,-0.0980665,1.02969825,9.7281968,"[8.999999999999999e-08, 0.0, 0.0, 0.0, 8.999999999999999e-08, 0.0, 0.0, 0.0, 8.999999999999999e-08]"
1653996825418906709,,119216,,1643912319,689800832,"""fcu""",,-0.0437889079735,-0.00316628008916,-0.235393085327,-0.970908132415,"[1.0, 0.0, 0.0, 0.0, 1.0, 0.0, 0.0, 0.0, 1.0]",,-0.150438636541,-0.104109682143,0.094070494175,"[1.2184696791468346e-07, 0.0, 0.0, 0.0, 1.2184696791468346e-07, 0.0, 0.0, 0.0, 1.2184696791468346e-07]",,-0.04903325,0.99047165,9.7085835,"[8.999999999999999e-08, 0.0, 0.0, 0.0, 8.999999999999999e-08, 0.0, 0.0, 0.0, 8.999999999999999e-08]"
1653996825450829239,,119217,,1643912319,723034048,"""fcu""",,-0.0418841555096,-0.000980316225351,-0.236953359372,-0.970617258233,"[1.0, 0.0, 0.0, 0.0, 1.0, 0.0, 0.0, 0.0, 1.0]",,-0.147217839956,-0.101382888854,0.0936383157969,"[1.2184696791468346e-07, 0.0, 0.0, 0.0, 1.2184696791468346e-07, 0.0, 0.0, 0.0, 1.2184696791468346e-07]",,-0.04903325,0.95124505,9.6889702,"[8.999999999999999e-08, 0.0, 0.0, 0.0, 8.999999999999999e-08, 0.0, 0.0, 0.0, 8.999999999999999e-08]"
1653996825483091029,,119218,,1643912319,756034048,"""fcu""",,-0.0400061801178,0.00111916540575,-0.238533034644,-0.970309355002,"[1.0, 0.0, 0.0, 0.0, 1.0, 0.0, 0.0, 0.0, 1.0]",,-0.139299184084,-0.0927034765482,0.0910863131285,"[1.2184696791468346e-07, 0.0, 0.0, 0.0, 1.2184696791468346e-07, 0.0, 0.0, 0.0, 1.2184696791468346e-07]",,-0.0392266,0.9218251,9.6889702,"[8.999999999999999e-08, 0.0, 0.0, 0.0, 8.999999999999999e-08, 0.0, 0.0, 0.0, 8.999999999999999e-08]"
1653996825515818378,,119219,,1643912319,790034048,"""fcu""",,-0.0381262276932,0.0031561015015,-0.240162232859,-0.969978624349,"[1.0, 0.0, 0.0, 0.0, 1.0, 0.0, 0.0, 0.0, 1.0]",,-0.130608841777,-0.0837616249919,0.0883512273431,"[1.2184696791468346e-07, 0.0, 0.0, 0.0, 1.2184696791468346e-07, 0.0, 0.0, 0.0, 1.2184696791468346e-07]",,-0.0196133,0.83356525,9.69877685,"[8.999999999999999e-08, 0.0, 0.0, 0.0, 8.999999999999999e-08, 0.0, 0.0, 0.0, 8.999999999999999e-08]"
