rosbagTimestamp,linear,x,y,z,angular,x,y,z
1653925000934971225,,0.0,0.0,0.0,,-0.0719967839173,-0.737736789742,0.68521546315
1653925000965942359,,0.0,0.0,0.0,,-0.0117523143026,-0.661416682843,0.621537716239
1653925000998507146,,0.0,0.0,0.0,,0.162645920664,-0.608296167234,0.613515872503
1653925001034238208,,0.0,0.0,0.0,,0.198271053456,-0.475507204567,0.581177381382
1653925001064893483,,0.0,0.0,0.0,,0.274103362118,-0.266663391802,0.49365053488
1653925001099615821,,0.0,0.0,0.0,,0.347825462492,-0.107198665095,0.497414769526
1653925001130972324,,0.0,0.0,0.0,,0.409990402543,0.129860945946,0.460637349136
1653925001163508065,,0.0,0.0,0.0,,0.397622130575,0.26988537346,0.376899443355
1653925001199352737,,0.0,0.0,0.0,,0.362273180217,0.508604487016,0.404562376504
1653925001229984549,,0.0,0.0,0.0,,0.349029229973,0.633776454737,0.356625307464
1653925001263667543,,0.0,0.0,0.0,,0.278079252587,0.85794038181,0.46101423684
1653925001296497358,,0.0,0.0,0.0,,0.1764137144,0.905689273803,0.360606187172
1653925001328806656,,0.0,0.0,0.0,,0.081405809726,0.94771318661,0.431185706837
1653925001364226080,,0.0,0.0,0.0,,0.0341216507418,0.964572654802,0.43736169195
1653925001395699061,,0.0,0.0,0.0,,-0.0898257987965,0.950944506418,0.453520185299
1653925001428352521,,0.0,0.0,0.0,,-0.142379068529,0.859851447396,0.500468717859
1653925001460905033,,0.0,0.0,0.0,,-0.213723342597,0.699014579707,0.472573211432
1653925001495003154,,0.0,0.0,0.0,,-0.263172498125,0.45603972469,0.472467236778
1653925001528789897,,0.0,0.0,0.0,,-0.266821286566,0.262600016215,0.487219858416
1653925001560556186,,0.0,0.0,0.0,,-0.242375079031,0.053646853722,0.562422482334
1653925001593742314,,0.0,0.0,0.0,,-0.198980846181,-0.140942527668,0.507228203899
1653925001626470674,,0.0,0.0,0.0,,-0.168879722261,-0.365436331535,0.563055715575
1653925001658545238,,0.0,0.0,0.0,,-0.0846911173766,-0.558225811336,0.495648258491
1653925001693271167,,0.0,0.0,0.0,,0.0842453674919,-0.722117267688,0.532245052394
1653925001726147996,,0.0,0.0,0.0,,0.185020139621,-0.812332967566,0.561800721676
1653925001759710837,,0.0,0.0,0.0,,0.281596960092,-0.901726483424,0.531129010156
1653925001790637619,,0.0,0.0,0.0,,0.378037603667,-0.931147523273,0.527913325078
1653925001823877120,,0.0,0.0,0.0,,0.532641096644,-0.948088206684,0.549002014388
1653925001859603007,,0.0,0.0,0.0,,0.570884179581,-0.848447646164,0.492813569903
1653925001891451773,,0.0,0.0,0.0,,0.589099653767,-0.723692693509,0.519598743702
1653925001923530257,,0.0,0.0,0.0,,0.646250034348,-0.617071999822,0.462691155003
1653925001956362554,,0.0,0.0,0.0,,0.602461638218,-0.470553289707,0.453220083862
1653925001988497410,,0.0,0.0,0.0,,0.648699137413,-0.242240663042,0.490639328591
1653925002023718341,,0.0,0.0,0.0,,0.592440843571,-0.0443436558248,0.438023846774
1653925002055255558,,0.0,0.0,0.0,,0.536766210738,0.184924863818,0.446769823965
1653925002089185733,,0.0,0.0,0.0,,0.503282382271,0.420280749538,0.453023715924
1653925002120987839,,0.0,0.0,0.0,,0.39931735151,0.577391802395,0.467239260577
1653925002153434380,,0.0,0.0,0.0,,0.296978812907,0.763733663662,0.46995660865
1653925002189367390,,0.0,0.0,0.0,,0.271107817239,0.89227963811,0.545404105521
1653925002219369111,,0.0,0.0,0.0,,0.16096520054,0.911913176962,0.535493981283
1653925002253702347,,0.0,0.0,0.0,,0.12374233709,0.991009649037,0.532774498777
1653925002286232227,,0.0,0.0,0.0,,0.0158445581108,0.905020342151,0.557186555366
1653925002318600835,,0.0,0.0,0.0,,-0.0320165117344,0.851757886673,0.559950007215
1653925002354289165,,0.0,0.0,0.0,,-0.177151775037,0.693419000591,0.522334181104
1653925002384548948,,0.0,0.0,0.0,,-0.143708901025,0.499038647001,0.57196463013
1653925002420153012,,0.0,0.0,0.0,,-0.131570174106,0.348548875575,0.516786680116
1653925002449268202,,0.0,0.0,0.0,,-0.185568382364,0.157787041482,0.511584157042
1653925002483918237,,0.0,0.0,0.0,,-0.20339598985,-0.0628064042033,0.466699142024
1653925002519819346,,0.0,0.0,0.0,,-0.178757709926,-0.283467151264,0.511678872556
1653925002550420530,,0.0,0.0,0.0,,-0.122155158541,-0.447146898432,0.47018435277
1653925002584138961,,0.0,0.0,0.0,,-0.0915242947543,-0.537304301578,0.515673946251
1653925002616203714,,0.0,0.0,0.0,,-0.0306019822254,-0.66783626025,0.521139911856
1653925002647501940,,0.0,0.0,0.0,,0.0775515686619,-0.682610332951,0.578890441949
1653925002683155957,,0.0,0.0,0.0,,0.062957108592,-0.731664484765,0.56781779817
1653925002715621772,,0.0,0.0,0.0,,0.169594677649,-0.661204840257,0.629318475643
1653925002747623324,,0.0,0.0,0.0,,0.150882800788,-0.525932516858,0.592176653988
1653925002781994066,,0.0,0.0,0.0,,0.213414049754,-0.413405443767,0.655696399413
1653925002812950326,,0.0,0.0,0.0,,0.232668366364,-0.294595236969,0.593823583352
1653925002847341664,,0.0,0.0,0.0,,0.28160122896,-0.148351321906,0.694831942614
1653925002879424929,,0.0,0.0,0.0,,0.359625894944,0.0657010570498,0.539347541996
1653925002914205899,,0.0,0.0,0.0,,-0.0232670660881,0.123492474896,0.946717259652
1653925002945000626,,0.0,0.0,0.0,,0.10565989151,0.238719166917,0.626412603677
1653925002978637028,,0.0,0.0,0.0,,0.212463506201,0.220023405034,0.1100575595
1653925003015054302,,0.0,0.0,0.0,,-0.276027474432,0.539454210341,-0.260282607735
1653925003044922539,,0.0,0.0,0.0,,-0.0241931970508,0.361195984679,-0.480779523637
1653925003079669589,,0.0,0.0,0.0,,-0.337185388467,0.580631233052,-0.684790497317
1653925003111304037,,0.0,0.0,0.0,,-0.281039579303,0.583663143353,-0.798220942968
1653925003143664487,,0.0,0.0,0.0,,-0.304515339687,0.611152520328,-1.00864348993
1653925003179731236,,0.0,0.0,0.0,,-0.32194043292,0.751887500959,-1.2335921417
1653925003209965372,,0.0,0.0,0.0,,-0.204531375398,0.667599284702,-1.42835562622
1653925003244306661,,0.0,0.0,0.0,,-0.130195011566,0.558166047181,-1.24103203198
1653925003275524794,,0.0,0.0,0.0,,-0.187291017437,0.550728611505,-1.0126436329
1653925003307559463,,0.0,0.0,0.0,,0.0721742487738,0.413557388795,-0.784239225571
1653925003343018600,,0.0,0.0,0.0,,0.101401975594,0.271475553557,-0.503892777067
1653925003373997798,,0.0,0.0,0.0,,0.142377547745,0.0684406165774,-0.285786320652
1653925003408461318,,0.0,0.0,0.0,,0.311360069689,-0.161398957573,-0.106546255297
1653925003439583454,,0.0,0.0,0.0,,0.251825606243,-0.395534787412,0.0747555133313
1653925003473999546,,0.0,0.0,0.0,,0.292548127889,-0.637900715057,0.234293044252
1653925003507992537,,0.0,0.0,0.0,,0.308760942586,-0.871422801706,0.402454489413
1653925003539848025,,0.0,0.0,0.0,,0.187638343229,-1.08353843517,0.656381819568
1653925003574558180,,0.0,0.0,0.0,,0.209820196311,-1.27738987598,0.911135816057
1653925003604769864,,0.0,0.0,0.0,,-0.00179517915316,-1.34467321572,1.04585969661
1653925003638514293,,0.0,0.0,0.0,,-0.0436656861785,-1.34091895956,1.10114719646
1653925003674196752,,0.0,0.0,0.0,,-0.23221949487,-1.30287363194,1.05250194886
1653925003704831010,,0.0,0.0,0.0,,-0.362769329427,-1.24740972112,1.03119698801
1653925003739811022,,0.0,0.0,0.0,,-0.534537274552,-1.10172189284,1.04676074797
1653925003770067570,,0.0,0.0,0.0,,-0.652427993813,-0.880845794718,1.03667736104
1653925003803439268,,0.0,0.0,0.0,,-0.75018139441,-0.740896445924,1.11519187966
1653925003839717857,,0.0,0.0,0.0,,-0.712435954787,-0.603263118228,1.14104905486
1653925003870204874,,0.0,0.0,0.0,,-0.900831942086,-0.43859416757,0.9819592215
1653925003903372457,,0.0,0.0,0.0,,-0.902801171001,-0.406952222342,0.881197816265
1653925003934389178,,0.0,0.0,0.0,,-0.882713638013,-0.438875032419,0.730949449337
1653925003968625522,,0.0,0.0,0.0,,-0.957272249797,-0.528451042393,0.655879213695
1653925004002429564,,0.0,0.0,0.0,,-0.882369727316,-0.67589833807,0.659419226037
1653925004034254550,,0.0,0.0,0.0,,-0.789370618629,-0.897465192433,0.583753323194
1653925004069557474,,0.0,0.0,0.0,,-0.68225052072,-1.09638004458,0.454993478447
1653925004099672755,,0.0,0.0,0.0,,-0.614174452149,-1.43089827086,0.428175434362
1653925004133429585,,0.0,0.0,0.0,,-0.467477516785,-1.70698273468,0.388902486965
1653925004169099613,,0.0,0.0,0.0,,-0.303259411973,-2.01566737125,0.210565340601
1653925004200251239,,0.0,0.0,0.0,,-0.150452605592,-2.17625792524,-0.0665493078478
1653925004232854814,,0.0,0.0,0.0,,0.0707167904586,-2.31937600156,-0.315551271199
1653925004265402966,,0.0,0.0,0.0,,0.190092929122,-2.42197227308,-0.437403393457
1653925004298669923,,0.0,0.0,0.0,,0.413556641743,-2.38216123484,-0.508506036243
1653925004333993115,,0.0,0.0,0.0,,0.498990248708,-2.14752033119,-0.634654507571
1653925004364844414,,0.0,0.0,0.0,,0.6115199098,-2.00189920398,-0.686623976223
1653925004399990118,,0.0,0.0,0.0,,0.725654932152,-1.78270552019,-0.863188475053
1653925004431035365,,0.0,0.0,0.0,,0.762184651463,-1.51670775167,-0.982736155518
1653925004462347329,,0.0,0.0,0.0,,0.805728548165,-1.26098066667,-1.05922562976
1653925004498283769,,0.0,0.0,0.0,,0.831520356327,-0.989481180767,-0.998178893066
1653925004530626034,,0.0,0.0,0.0,,0.78747812262,-0.793361583538,-0.998984428501
1653925004562728863,,0.0,0.0,0.0,,0.776266313737,-0.640399923963,-1.05827996873
1653925004595850824,,0.0,0.0,0.0,,0.704066038207,-0.520225627002,-1.00302800721
1653925004627750754,,0.0,0.0,0.0,,0.662284383672,-0.469172951164,-0.810494846267
1653925004663761033,,0.0,0.0,0.0,,0.553556790069,-0.484618143312,-0.606834720195
1653925004694738392,,0.0,0.0,0.0,,0.466332606326,-0.576827351293,-0.418387613199
1653925004728551153,,0.0,0.0,0.0,,0.435436138893,-0.63831949103,-0.228652748741
1653925004759760272,,0.0,0.0,0.0,,0.425981316133,-0.868862334541,0.00296515587343
1653925004793462297,,0.0,0.0,0.0,,0.298623020867,-0.979323622254,0.298761945848
1653925004827739400,,0.0,0.0,0.0,,0.299130349176,-1.16374652053,0.648356880902
1653925004859807808,,0.0,0.0,0.0,,0.275384422794,-1.2223505041,0.892212723601
1653925004893002377,,0.0,0.0,0.0,,0.403705481248,-1.26031237534,1.09395575431
1653925004925065622,,0.0,0.0,0.0,,0.379083342981,-1.26686999728,1.2301273148
1653925004958931537,,0.0,0.0,0.0,,0.380247863554,-1.19419913239,1.37821072521
1653925004993025317,,0.0,0.0,0.0,,0.436055071426,-1.12417240448,1.55922301121
1653925005025044973,,0.0,0.0,0.0,,0.472697969106,-0.899327913086,1.42819468988
1653925005058405094,,0.0,0.0,0.0,,0.530643853281,-0.682253402206,1.20094063582
1653925005090595513,,0.0,0.0,0.0,,0.559840724188,-0.356995791866,1.17672782865
1653925005122650523,,0.0,0.0,0.0,,0.563224656035,0.0192418034905,1.12270957006
1653925005159290419,,0.0,0.0,0.0,,0.63812739196,0.477014862105,0.986724025498
1653925005190368502,,0.0,0.0,0.0,,0.589785500809,0.843430712136,0.72481519241
1653925005222617994,,0.0,0.0,0.0,,0.657458534858,1.10553634005,0.423560147474
1653925005255890401,,0.0,0.0,0.0,,0.649535088534,1.4165637315,0.168953960548
1653925005287777313,,0.0,0.0,0.0,,0.779682368817,1.59034508833,-0.00126091695381
1653925005323732385,,0.0,0.0,0.0,,0.734257982299,1.81941191729,-0.169768300524
1653925005354472711,,0.0,0.0,0.0,,0.876790529981,1.93168016356,-0.390151344366
1653925005387778076,,0.0,0.0,0.0,,0.854633609757,2.03270890667,-0.535804541447
1653925005419928007,,0.0,0.0,0.0,,0.963712157689,2.03078129922,-0.656425362024
1653925005453347653,,0.0,0.0,0.0,,1.04969783604,1.97114862512,-0.665238707292
1653925005487855845,,0.0,0.0,0.0,,1.04673620198,1.84606950529,-0.787431591956
1653925005518190138,,0.0,0.0,0.0,,1.05942818756,1.66080574669,-0.820745999716
1653925005552868286,,0.0,0.0,0.0,,1.01995342942,1.41871342682,-0.778964398541
1653925005585433224,,0.0,0.0,0.0,,1.01261129623,1.16084187586,-0.682594591499
1653925005618659963,,0.0,0.0,0.0,,0.964144167154,0.941106792857,-0.540939829847
1653925005653290852,,0.0,0.0,0.0,,0.975756769403,0.742806124127,-0.441457590977
1653925005685249632,,0.0,0.0,0.0,,0.939119634695,0.502749734237,-0.403315039887
1653925005718456406,,0.0,0.0,0.0,,0.821285317856,0.343886337651,-0.375947485739
1653925005749541684,,0.0,0.0,0.0,,0.731575265419,0.132868537038,-0.273229391389
1653925005782908592,,0.0,0.0,0.0,,0.64256765525,-0.0629904791354,-0.0729686718114
1653925005818853001,,0.0,0.0,0.0,,0.437422229838,-0.204603252467,0.160982249332
1653925005850932793,,0.0,0.0,0.0,,0.318348500469,-0.228697385094,0.373216343886
1653925005882438630,,0.0,0.0,0.0,,0.188380539332,-0.233096934054,0.618720049763
1653925005916676816,,0.0,0.0,0.0,,0.158163008711,-0.2715670941,0.709220429792
1653925005948172816,,0.0,0.0,0.0,,0.0114619245411,-0.233407734342,0.800081422464
1653925005983779637,,0.0,0.0,0.0,,0.0249091662945,-0.262872850256,0.93521212616
1653925006016529720,,0.0,0.0,0.0,,-0.0773840355942,-0.146924746185,1.01015861798
1653925006047600196,,0.0,0.0,0.0,,0.0278120233722,-0.149508145177,1.09903442685
1653925006081276235,,0.0,0.0,0.0,,0.0217504172468,0.0285090228326,1.02996734052
1653925006113761121,,0.0,0.0,0.0,,0.0805206198776,0.114098029941,0.837992974422
1653925006147746850,,0.0,0.0,0.0,,0.0955433141321,0.195360392354,0.840332901182
1653925006181433517,,0.0,0.0,0.0,,0.186573033821,0.254828861765,0.726100975521
1653925006213608344,,0.0,0.0,0.0,,0.252145637958,0.246308841106,0.680103546804
1653925006245760632,,0.0,0.0,0.0,,0.447089295391,0.229301403268,0.606145724862
1653925006278676437,,0.0,0.0,0.0,,0.463312328691,0.294406019385,0.447880316674
1653925006313216386,,0.0,0.0,0.0,,0.563308966183,0.263001796757,0.142951056852
1653925006344994968,,0.0,0.0,0.0,,0.721583659159,0.311320395895,-0.0922379161205
1653925006378880021,,0.0,0.0,0.0,,0.742815568998,0.289014652252,-0.293656672928
1653925006409165681,,0.0,0.0,0.0,,0.795663997619,0.307153500254,-0.444631174342
1653925006443530403,,0.0,0.0,0.0,,1.00273281497,0.396070717138,-0.681078396225
1653925006479095654,,0.0,0.0,0.0,,1.11732727427,0.415368349421,-0.727212322005
1653925006510637182,,0.0,0.0,0.0,,1.22591735695,0.459242336359,-0.611123278581
1653925006543304484,,0.0,0.0,0.0,,1.25344269914,0.472620809313,-0.425503336293
1653925006575774612,,0.0,0.0,0.0,,1.23677159476,0.494732799699,-0.342870587136
1653925006607911017,,0.0,0.0,0.0,,1.18843466617,0.483834645909,-0.311767346399
1653925006644347765,,0.0,0.0,0.0,,1.12157714604,0.547990292618,-0.282120056533
1653925006673527018,,0.0,0.0,0.0,,1.12097715661,0.51110102788,-0.270670258246
1653925006707764763,,0.0,0.0,0.0,,1.12883817073,0.517102949891,-0.317914570013
1653925006740027394,,0.0,0.0,0.0,,1.04583813883,0.600410126867,-0.0866849189644
1653925006773581282,,0.0,0.0,0.0,,0.91659665902,0.574860416895,0.230743800483
1653925006808121032,,0.0,0.0,0.0,,0.768312505087,0.498490417599,0.416061133374
1653925006840441668,,0.0,0.0,0.0,,0.606316586313,0.47800742733,0.573594644103
1653925006873379753,,0.0,0.0,0.0,,0.487569532085,0.437875263479,0.69605609394
1653925006905139199,,0.0,0.0,0.0,,0.525931823167,0.385178059516,0.814636608947
1653925006938209926,,0.0,0.0,0.0,,0.476380828451,0.356337585745,0.86359807296
1653925006973685676,,0.0,0.0,0.0,,0.447659456104,0.309961961983,0.980905237934
1653925007003963461,,0.0,0.0,0.0,,0.386321555913,0.314064664518,0.777120354187
1653925007040075397,,0.0,0.0,0.0,,0.437897301511,0.304141093345,0.612694648977
1653925007069516957,,0.0,0.0,0.0,,0.605225410232,0.226915052566,0.591639897169
1653925007102923937,,0.0,0.0,0.0,,0.528334662373,0.253124195959,0.591367596737
1653925007139060394,,0.0,0.0,0.0,,0.619532308666,0.231289041678,0.607284392102
1653925007170628834,,0.0,0.0,0.0,,0.573718814808,0.180341406679,0.597827034701
1653925007203351403,,0.0,0.0,0.0,,0.676432320125,0.106989697325,0.566720218786
1653925007234727054,,0.0,0.0,0.0,,0.695873546463,0.0161870280646,0.51058300072
1653925007267940513,,0.0,0.0,0.0,,0.682626074402,-0.0275232210961,0.491333873452
1653925007303173722,,0.0,0.0,0.0,,0.654090504545,-0.00896166175831,0.200770822651
1653925007334652321,,0.0,0.0,0.0,,0.715761669944,0.0321392416961,-0.13387533627
1653925007367997880,,0.0,0.0,0.0,,0.675355338031,0.0679862489151,-0.384272792646
1653925007400646600,,0.0,0.0,0.0,,0.759051515625,0.181904279359,-0.651171879336
1653925007432820418,,0.0,0.0,0.0,,0.694172189029,0.240225357031,-0.797800299364
1653925007467975079,,0.0,0.0,0.0,,0.655087071834,0.23200365022,-0.627115846357
1653925007500147119,,0.0,0.0,0.0,,0.589535185048,0.0802424897721,-0.486121105094
1653925007533108633,,0.0,0.0,0.0,,0.460058437243,0.0110956156263,-0.36748626874
1653925007565480339,,0.0,0.0,0.0,,0.402828228826,-0.0620502475673,-0.317756675249
1653925007598569009,,0.0,0.0,0.0,,0.286768533872,-0.113802210712,-0.31346539546
1653925007634331931,,0.0,0.0,0.0,,0.262194447053,-0.277792864889,-0.173617539008
1653925007664008125,,0.0,0.0,0.0,,0.247710950877,-0.310188425442,-0.0339839263805
1653925007698676540,,0.0,0.0,0.0,,0.190077307732,-0.470914596042,0.294244869609
1653925007729966090,,0.0,0.0,0.0,,0.174561545856,-0.600821912569,0.568463411129
1653925007763242715,,0.0,0.0,0.0,,0.13087723007,-0.792407278045,0.741348839235
1653925007798592685,,0.0,0.0,0.0,,0.0611397980251,-0.844434002892,0.9774658108
1653925007829566560,,0.0,0.0,0.0,,0.0601977922086,-0.894738346129,1.20090328322
1653925007863017480,,0.0,0.0,0.0,,-0.0327021986941,-0.922536575721,1.16862551675
1653925007894451325,,0.0,0.0,0.0,,0.0822531667297,-0.965128034559,1.05585162304
1653925007926449228,,0.0,0.0,0.0,,0.0314473648775,-0.94887378516,0.957725710325
1653925007963717264,,0.0,0.0,0.0,,0.0669071323871,-0.891545019249,0.800402548077
1653925007994966390,,0.0,0.0,0.0,,0.0362936108773,-0.836207413563,0.785714119545
1653925008027881016,,0.0,0.0,0.0,,0.0540093339957,-0.814593546738,0.689058458414
1653925008059188309,,0.0,0.0,0.0,,-0.0321702843723,-0.6743423356,0.489884219162
1653925008093206825,,0.0,0.0,0.0,,-0.0709399322051,-0.563109770119,0.237973128833
1653925008128163493,,0.0,0.0,0.0,,-0.169645984109,-0.382973082353,-0.0447912066382
1653925008159266676,,0.0,0.0,0.0,,-0.0961433169023,-0.335474772926,-0.327474220169
1653925008193196628,,0.0,0.0,0.0,,-0.247294015852,-0.357228418504,-0.402749201403
1653925008224552244,,0.0,0.0,0.0,,-0.277743319338,-0.41819684815,-0.60753011883
1653925008259140990,,0.0,0.0,0.0,,-0.310564112527,-0.549317216946,-0.622731078353
1653925008292246890,,0.0,0.0,0.0,,-0.24400234492,-0.705057162689,-0.342355121297
1653925008324073762,,0.0,0.0,0.0,,-0.365520134754,-0.835515109857,-0.153711593002
1653925008359092515,,0.0,0.0,0.0,,-0.316580548691,-0.966330894905,-0.0265043889917
1653925008388686324,,0.0,0.0,0.0,,-0.309129132471,-1.12923709647,0.19886314548
1653925008422610204,,0.0,0.0,0.0,,-0.176885757845,-1.22287621523,0.220184461428
1653925008458957191,,0.0,0.0,0.0,,-0.182092869953,-1.22407662097,0.308144491333
1653925008489256302,,0.0,0.0,0.0,,-0.0723969502933,-1.18021197218,0.294707641606
1653925008522995259,,0.0,0.0,0.0,,0.084134003392,-1.09962118278,0.322428684724
1653925008554590006,,0.0,0.0,0.0,,0.161566777455,-1.04436047009,0.385592006332
1653925008587375836,,0.0,0.0,0.0,,0.159175144029,-0.984815734677,0.498719815905
1653925008622187861,,0.0,0.0,0.0,,0.236965889373,-0.952705521285,0.585277896122
1653925008655084941,,0.0,0.0,0.0,,0.15605328067,-0.909656866658,0.66560956522
1653925008687099417,,0.0,0.0,0.0,,0.169441905527,-0.895851666964,0.739424326715
1653925008719253192,,0.0,0.0,0.0,,0.143413575384,-0.880516131369,0.885950347266
1653925008753462901,,0.0,0.0,0.0,,0.0482666523478,-0.816410056892,0.991068772862
1653925008788231601,,0.0,0.0,0.0,,0.0134366896447,-0.868521572134,0.995058350389
1653925008818864482,,0.0,0.0,0.0,,-0.0723109992995,-0.939174916539,0.942715942737
1653925008853215547,,0.0,0.0,0.0,,-0.139402213289,-0.943933850843,0.967195127279
1653925008884517395,,0.0,0.0,0.0,,-0.173332965579,-0.995089513127,0.60789676125
1653925008918650629,,0.0,0.0,0.0,,-0.0789788113942,-0.997906752716,0.344885786426
1653925008952417099,,0.0,0.0,0.0,,-0.0272573373064,-1.00219621824,0.0186304615391
1653925008984785457,,0.0,0.0,0.0,,0.0732092358764,-0.926198624333,-0.19597013348
1653925009017691140,,0.0,0.0,0.0,,0.124569203526,-0.809129502124,-0.350366506307
1653925009049954312,,0.0,0.0,0.0,,0.0697872710816,-0.632293289831,-0.499558541791
1653925009083976291,,0.0,0.0,0.0,,0.0345865971933,-0.450371788257,-0.593896420916
1653925009119418872,,0.0,0.0,0.0,,0.00918497692765,-0.217065186071,-0.791370209869
1653925009149049171,,0.0,0.0,0.0,,0.0707858127218,-0.036455134179,-0.821911880991
1653925009183513030,,0.0,0.0,0.0,,0.0212765728731,0.134668425287,-0.750720392385
1653925009214917110,,0.0,0.0,0.0,,0.0542817544899,0.210257328418,-0.529964569624
1653925009247339465,,0.0,0.0,0.0,,0.0902497441026,0.19608906148,-0.430977786274
1653925009282986559,,0.0,0.0,0.0,,0.13590614361,0.280340472089,-0.201744684897
1653925009315523098,,0.0,0.0,0.0,,0.184624001989,0.139529145418,-0.114461430689
1653925009347928674,,0.0,0.0,0.0,,0.197083094129,0.086394782667,-0.00682949547893
1653925009380436142,,0.0,0.0,0.0,,0.183578316036,-0.0512648452593,0.00983750011723
1653925009412219423,,0.0,0.0,0.0,,0.208997545383,-0.166026584158,0.0633192153398
1653925009447996952,,0.0,0.0,0.0,,0.28837261447,-0.151145763071,0.0716232312666
1653925009479545865,,0.0,0.0,0.0,,0.349599577449,-0.177466110481,0.00456859614195
1653925009513800539,,0.0,0.0,0.0,,0.475206996409,-0.160184104375,0.00837519930461
1653925009544388450,,0.0,0.0,0.0,,0.534763951455,-0.219327539492,0.170794242962
1653925009578353094,,0.0,0.0,0.0,,0.601024417006,-0.285086813232,0.44001692799
1653925009612721868,,0.0,0.0,0.0,,0.571487797549,-0.336030926415,0.714941673717
1653925009644016999,,0.0,0.0,0.0,,0.560879446551,-0.310959649849,0.879757713567
1653925009678993250,,0.0,0.0,0.0,,0.555545922583,-0.373441660088,0.740736470087
1653925009708982364,,0.0,0.0,0.0,,0.608592640132,-0.38217645818,0.800363061046
1653925009742704114,,0.0,0.0,0.0,,0.700108263748,-0.402099106132,0.818358208271
1653925009778902450,,0.0,0.0,0.0,,0.699529298494,-0.283302052785,0.786346445652
1653925009810255696,,0.0,0.0,0.0,,0.605780363102,-0.0874973512899,0.841123282135
1653925009844025208,,0.0,0.0,0.0,,0.681327484686,-0.00608922036677,0.845250744106
1653925009874408183,,0.0,0.0,0.0,,0.723769853302,0.089801993186,0.847309085646
1653925009908372285,,0.0,0.0,0.0,,0.722269559562,0.173198669653,0.828203819237
1653925009943200421,,0.0,0.0,0.0,,0.640613687539,0.234059910686,0.72531384958
1653925009974107348,,0.0,0.0,0.0,,0.661175972036,0.302868143519,0.491243960415
1653925010008714042,,0.0,0.0,0.0,,0.591143587876,0.253982772082,0.38539102268
1653925010040120178,,0.0,0.0,0.0,,0.590544078694,0.256406155216,0.342739399479
1653925010073754217,,0.0,0.0,0.0,,0.609762896997,0.1766388972,0.302893970172
1653925010108970826,,0.0,0.0,0.0,,0.627970793942,0.0736791182068,0.259900544028
1653925010139145302,,0.0,0.0,0.0,,0.639768131464,-0.0496227650632,0.210095311529
1653925010173315145,,0.0,0.0,0.0,,0.629926095675,-0.227486920827,0.173836345185
1653925010204987908,,0.0,0.0,0.0,,0.661418443751,-0.32916036976,0.12171962726
1653925010238275546,,0.0,0.0,0.0,,0.642776349546,-0.380096025247,0.00770253239307
1653925010274094265,,0.0,0.0,0.0,,0.697309326931,-0.428570571478,-0.0866950041656
1653925010304536363,,0.0,0.0,0.0,,0.489917089447,-0.362681657546,-0.170164024609
1653925010337913743,,0.0,0.0,0.0,,0.449763314451,-0.352469137354,-0.178181065869
1653925010369871570,,0.0,0.0,0.0,,0.321635582367,-0.289408241903,-0.285196469785
1653925010402971203,,0.0,0.0,0.0,,0.2330484824,-0.174707821294,-0.249434453064
1653925010438218688,,0.0,0.0,0.0,,0.0692266753014,-0.0212867514558,-0.35216167212
1653925010469463835,,0.0,0.0,0.0,,-0.106177791938,0.216732801319,-0.387273273404
1653925010503458606,,0.0,0.0,0.0,,-0.152901415173,0.42616637157,-0.404627876951
1653925010534157781,,0.0,0.0,0.0,,-0.333378225015,0.733336653812,-0.461384667881
1653925010567920871,,0.0,0.0,0.0,,-0.421317710992,0.973653071139,-0.525748261833
1653925010602330566,,0.0,0.0,0.0,,-0.503785788557,1.18251854841,-0.604385883934
1653925010635129610,,0.0,0.0,0.0,,-0.504222920664,1.39910299322,-0.709379124968
1653925010668574216,,0.0,0.0,0.0,,-0.521262268291,1.51611288488,-0.738325840197
1653925010699717955,,0.0,0.0,0.0,,-0.532672846352,1.53313702466,-0.549296673018
1653925010732442750,,0.0,0.0,0.0,,-0.389230923014,1.5387260404,-0.337127625344
1653925010769318876,,0.0,0.0,0.0,,-0.323099990934,1.40328520342,-0.175846315111
1653925010799865225,,0.0,0.0,0.0,,-0.317589175532,1.29695559319,-0.031345979257
1653925010832524762,,0.0,0.0,0.0,,-0.335306366074,1.10888644112,0.0732212287281
1653925010864542718,,0.0,0.0,0.0,,-0.396876145852,0.952349817839,0.221581261794
1653925010898235877,,0.0,0.0,0.0,,-0.336947745909,0.764233014523,0.275888309328
1653925010932283513,,0.0,0.0,0.0,,-0.335029556649,0.613292930859,0.373264955623
1653925010964210052,,0.0,0.0,0.0,,-0.307214331626,0.453481978928,0.422745433972
1653925010998344618,,0.0,0.0,0.0,,-0.314277974527,0.425906530897,0.491079769071
1653925011029603606,,0.0,0.0,0.0,,-0.337796770439,0.311909286268,0.617425035224
1653925011063319800,,0.0,0.0,0.0,,-0.298745697468,0.321419364192,0.673650672224
1653925011097982536,,0.0,0.0,0.0,,-0.312191245014,0.314394061063,0.710605143924
1653925011129669120,,0.0,0.0,0.0,,-0.416899379012,0.296959229474,0.68498024851
1653925011163171005,,0.0,0.0,0.0,,-0.50670713517,0.415523549461,0.455914806933
1653925011194447000,,0.0,0.0,0.0,,-0.500466369981,0.518592411378,0.310990945989
1653925011227544844,,0.0,0.0,0.0,,-0.527253731576,0.635523328978,0.161515884542
1653925011263598681,,0.0,0.0,0.0,,-0.627661087552,0.724891605151,0.0616957113905
1653925011295775590,,0.0,0.0,0.0,,-0.684495678605,0.788240115599,-0.0805796369809
1653925011327871727,,0.0,0.0,0.0,,-0.701122066592,0.895163418683,-0.0447819752106
1653925011359315723,,0.0,0.0,0.0,,-0.733904626731,0.944731915759,-0.124518937603
1653925011392741107,,0.0,0.0,0.0,,-0.710717948767,0.984647434547,-0.243524685246
1653925011428910584,,0.0,0.0,0.0,,-0.738906833163,1.00861424818,-0.160196697537
1653925011459169123,,0.0,0.0,0.0,,-0.70807914787,1.00148737267,-0.147240202207
1653925011493299363,,0.0,0.0,0.0,,-0.716874083644,1.07320254468,-0.188080517936
1653925011523635323,,0.0,0.0,0.0,,-0.625500773423,1.11861337755,-0.272934359234
1653925011558113506,,0.0,0.0,0.0,,-0.647647608446,1.14859982899,-0.39037935529
1653925011591871135,,0.0,0.0,0.0,,-0.604011344107,1.16635085031,-0.319599065417
1653925011623015956,,0.0,0.0,0.0,,-0.635041854002,1.18014761899,-0.40274583967
1653925011658080964,,0.0,0.0,0.0,,-0.615548654193,1.19967641049,-0.46203593709
1653925011690140855,,0.0,0.0,0.0,,-0.688399505242,1.1786465782,-0.495728086327
1653925011721690796,,0.0,0.0,0.0,,-0.726695949031,1.0985695471,-0.473909047023
1653925011758676220,,0.0,0.0,0.0,,-0.705773211973,1.04654495668,-0.531660057364
1653925011789609916,,0.0,0.0,0.0,,-0.629504971824,0.996012015552,-0.605648935322
1653925011822990354,,0.0,0.0,0.0,,-0.745163286443,0.933054319991,-0.473549021349
1653925011854945387,,0.0,0.0,0.0,,-0.710664107667,0.784242587305,-0.321796625421
1653925011887138986,,0.0,0.0,0.0,,-0.732513349213,0.734428790389,-0.144764045189
1653925011921706643,,0.0,0.0,0.0,,-0.718803665445,0.656355992916,-0.0288186491815
1653925011953929208,,0.0,0.0,0.0,,-0.879539200874,0.580946755776,0.140893035477
1653925011988198923,,0.0,0.0,0.0,,-0.771517678077,0.589512026438,0.18320819182
1653925012019513995,,0.0,0.0,0.0,,-0.867139739488,0.586125426549,0.244139695756
1653925012051961185,,0.0,0.0,0.0,,-0.867752322079,0.629015065833,0.378253955245
1653925012087377550,,0.0,0.0,0.0,,-0.888207831509,0.587025143889,0.411597764834
1653925012119577815,,0.0,0.0,0.0,,-0.919180391517,0.687666860731,0.468126171313
1653925012152863426,,0.0,0.0,0.0,,-0.947096228429,0.707935660537,0.44367009202
1653925012183640731,,0.0,0.0,0.0,,-0.928264756557,0.697975910706,0.587392533361
1653925012218262428,,0.0,0.0,0.0,,-1.02011148426,0.730828320201,0.674175476213
1653925012251752743,,0.0,0.0,0.0,,-1.03950932823,0.714751709081,0.61182710823
1653925012283971490,,0.0,0.0,0.0,,-1.0427581504,0.756535391328,0.459548254128
1653925012319514533,,0.0,0.0,0.0,,-0.938236085693,0.786331451252,0.24367388219
1653925012349840197,,0.0,0.0,0.0,,-1.01564390022,0.904159631594,0.250141644447
1653925012382486475,,0.0,0.0,0.0,,-0.943635777119,0.947731009135,0.12462448537
1653925012418082905,,0.0,0.0,0.0,,-0.842770851829,0.994093159282,0.0327131910298
1653925012448077327,,0.0,0.0,0.0,,-0.678285649267,1.0749726309,-0.1143719979
1653925012482031455,,0.0,0.0,0.0,,-0.669941879505,1.12977764191,-0.131273567805
1653925012513449941,,0.0,0.0,0.0,,-0.603083879123,1.20859215524,-0.121498393164
1653925012547467581,,0.0,0.0,0.0,,-0.531854450951,1.33469292196,-0.10663712883
1653925012582491196,,0.0,0.0,0.0,,-0.309350793454,1.39556239391,-0.246729324627
1653925012614058201,,0.0,0.0,0.0,,-0.262141913293,1.43453278527,-0.268869062656
1653925012647553478,,0.0,0.0,0.0,,-0.169850289474,1.46892385496,-0.285470104238
1653925012679207088,,0.0,0.0,0.0,,-0.14957220488,1.45617423965,-0.276763907563
1653925012711686313,,0.0,0.0,0.0,,-0.088590675145,1.40886738897,-0.278503524728
1653925012747011625,,0.0,0.0,0.0,,-0.0494412314416,1.21055412708,-0.319693033879
1653925012778324766,,0.0,0.0,0.0,,0.0102441231565,1.08521396595,-0.392873228111
1653925012813035019,,0.0,0.0,0.0,,-0.0256381289058,0.957442470917,-0.402860672225
1653925012843243206,,0.0,0.0,0.0,,0.0221293593436,0.824274486113,-0.410164599047
1653925012877968345,,0.0,0.0,0.0,,0.0983309784686,0.61924101177,-0.409092312708
1653925012911837258,,0.0,0.0,0.0,,0.102530117405,0.43107831812,-0.349118289236
1653925012944628614,,0.0,0.0,0.0,,0.147525602729,0.301075432305,-0.414555236744
1653925012978396664,,0.0,0.0,0.0,,0.129342812065,0.0732749497668,-0.349126880333
1653925013008636314,,0.0,0.0,0.0,,0.196461640296,-0.101586630825,-0.193985216474
1653925013043149715,,0.0,0.0,0.0,,0.210882157325,-0.321053442143,0.0648998705241
1653925013078653549,,0.0,0.0,0.0,,0.209312441116,-0.510740095071,0.229893842138
1653925013108510878,,0.0,0.0,0.0,,0.345869306986,-0.648617815473,0.416240692644
1653925013143031429,,0.0,0.0,0.0,,0.3890123036,-0.692640892634,0.534708349446
1653925013174366280,,0.0,0.0,0.0,,0.375888575358,-0.785441872474,0.671036844206
1653925013208054298,,0.0,0.0,0.0,,0.397512607424,-0.794581145831,0.735324505665
1653925013241944679,,0.0,0.0,0.0,,0.344245909759,-0.752444321459,0.798488014036
1653925013273040967,,0.0,0.0,0.0,,0.371543347746,-0.718774743863,0.716094214779
1653925013307096557,,0.0,0.0,0.0,,0.304049259317,-0.585691816258,0.627392842544
1653925013339549894,,0.0,0.0,0.0,,0.295401919663,-0.4860176384,0.570886847624
1653925013373234609,,0.0,0.0,0.0,,0.274509865096,-0.318026147556,0.527039967999
1653925013407059231,,0.0,0.0,0.0,,0.237081308898,-0.1790563973,0.450743713401
1653925013439150385,,0.0,0.0,0.0,,0.205255268728,0.0540666568919,0.359984906762
1653925013473731628,,0.0,0.0,0.0,,0.164477678681,0.187578552393,0.28545956547
1653925013503446471,,0.0,0.0,0.0,,0.195692030055,0.298108702287,0.238556122831
1653925013537477806,,0.0,0.0,0.0,,0.0821558498742,0.383092930828,0.180112168455
1653925013573111865,,0.0,0.0,0.0,,0.0677287694597,0.357754476472,0.179123712016
1653925013603594708,,0.0,0.0,0.0,,-0.00710487750048,0.50878303243,0.234648187408
1653925013638668437,,0.0,0.0,0.0,,-0.223363727724,0.602117300634,0.336394047019
1653925013668508374,,0.0,0.0,0.0,,-0.123308500016,0.523723217466,0.287165405215
1653925013703169273,,0.0,0.0,0.0,,-0.476080193406,0.564108845368,0.222304568155
1653925013736841080,,0.0,0.0,0.0,,-0.288464715302,0.404283592728,0.180442338732
1653925013769168371,,0.0,0.0,0.0,,-0.50826436494,0.431024076813,0.361546645524
1653925013802051774,,0.0,0.0,0.0,,-0.533420858788,0.447176487025,0.202510840023
1653925013834075255,,0.0,0.0,0.0,,-0.495912714878,0.326134809401,0.244896832897
1653925013867463617,,0.0,0.0,0.0,,-0.537678307796,0.342905298371,0.269606349561
1653925013902024672,,0.0,0.0,0.0,,-0.615382168332,0.308263992963,0.298356430046
1653925013934390879,,0.0,0.0,0.0,,-0.492994676638,0.280403384535,0.43312291924
1653925013968262604,,0.0,0.0,0.0,,-0.545815144171,0.292700099599,0.419592768062
1653925014000352777,,0.0,0.0,0.0,,-0.511362069172,0.322878356631,0.605024133095
1653925014033171750,,0.0,0.0,0.0,,-0.50120018843,0.326077286401,0.49675624324
1653925014067763512,,0.0,0.0,0.0,,-0.5909711256,0.29971056841,0.65924676376
1653925014099834046,,0.0,0.0,0.0,,-0.627816420995,0.297603615134,0.661193260952
1653925014133390097,,0.0,0.0,0.0,,-0.604853805253,0.283872373581,0.578111480218
1653925014164192903,,0.0,0.0,0.0,,-0.749871421215,0.225159133661,0.390016288047
1653925014200172722,,0.0,0.0,0.0,,-0.748303039027,0.20810393786,0.320243984685
1653925014232715653,,0.0,0.0,0.0,,-0.849000091074,0.133341901164,0.217753421012
1653925014264480601,,0.0,0.0,0.0,,-0.714706192273,0.061031675597,0.108898775219
1653925014298442506,,0.0,0.0,0.0,,-0.777119500414,0.0339790838831,0.0557634252921
1653925014329539007,,0.0,0.0,0.0,,-0.756091215589,0.006162498158,-0.00492910206407
1653925014362582923,,0.0,0.0,0.0,,-0.683290630464,-0.0824271364503,-0.0772294825539
1653925014397044297,,0.0,0.0,0.0,,-0.546534661911,-0.19333741572,-0.126745899437
1653925014429458538,,0.0,0.0,0.0,,-0.38308994262,-0.216971190929,-0.109934669456
1653925014462201016,,0.0,0.0,0.0,,-0.346169301701,-0.293095183353,-0.111849790466
1653925014494629446,,0.0,0.0,0.0,,-0.157703438366,-0.413158276296,-0.10586259605
1653925014527625601,,0.0,0.0,0.0,,-0.0137312548929,-0.486407279348,-0.135321041858
1653925014562108357,,0.0,0.0,0.0,,0.216435514667,-0.643090378165,-0.156060217581
1653925014596056376,,0.0,0.0,0.0,,0.329071363857,-0.829652086146,-0.0898919062231
1653925014628215075,,0.0,0.0,0.0,,0.509349938131,-0.972671338167,-0.0751086020949
1653925014659351077,,0.0,0.0,0.0,,0.588016428453,-1.16926243189,-0.0925971413821
1653925014693017180,,0.0,0.0,0.0,,0.781776302045,-1.20953973726,-0.0553796540381
1653925014728435228,,0.0,0.0,0.0,,0.90343616515,-1.34823654676,-0.117379629012
1653925014760099224,,0.0,0.0,0.0,,1.01550142674,-1.41156680779,0.0281447549704
1653925014793442299,,0.0,0.0,0.0,,1.09615198029,-1.43785951428,-0.0245878272384
1653925014824548274,,0.0,0.0,0.0,,1.17151938253,-1.43107041297,0.0197953823186
1653925014857739083,,0.0,0.0,0.0,,1.03958253932,-1.44106831581,-0.0285775648482
1653925014892616290,,0.0,0.0,0.0,,1.1082973373,-1.39977950211,0.0616238343217
1653925014924467928,,0.0,0.0,0.0,,1.12036905633,-1.37796804005,0.124205869479
1653925014957120937,,0.0,0.0,0.0,,1.11114776734,-1.28780185904,0.100650734826
1653925014989364162,,0.0,0.0,0.0,,1.12643159627,-1.23627235062,0.118931362614
1653925015022303157,,0.0,0.0,0.0,,1.10943797889,-1.1600883139,0.152266260941
1653925015057040222,,0.0,0.0,0.0,,1.07119959171,-1.07433582248,0.155561427009
1653925015088587370,,0.0,0.0,0.0,,1.03311872577,-0.950005355407,0.234340161885
1653925015122722485,,0.0,0.0,0.0,,1.11244539656,-0.879864595355,0.298828460151
1653925015154399714,,0.0,0.0,0.0,,1.06797403487,-0.839131855105,0.36481539797
1653925015187755833,,0.0,0.0,0.0,,1.11499764615,-0.752864911702,0.436622484055
1653925015222586407,,0.0,0.0,0.0,,1.05246384921,-0.552795597503,0.526699472397
1653925015254108800,,0.0,0.0,0.0,,1.06391370086,-0.532978337235,0.529902884478
1653925015287445771,,0.0,0.0,0.0,,1.03472382022,-0.482132167897,0.678164253327
1653925015319721545,,0.0,0.0,0.0,,0.950813772328,-0.408610757691,0.729277066846
1653925015352961960,,0.0,0.0,0.0,,0.830783709753,-0.290218793259,0.833315095253
1653925015387662499,,0.0,0.0,0.0,,0.651554796816,-0.229880581966,0.851362162588
1653925015419629955,,0.0,0.0,0.0,,0.602288002002,-0.15102868936,0.773988872535
1653925015452141896,,0.0,0.0,0.0,,0.414586372802,-0.069944332082,0.645830778126
1653925015483883339,,0.0,0.0,0.0,,0.246289737921,-0.0516685401217,0.485737814088
1653925015517713389,,0.0,0.0,0.0,,0.0433472085981,-0.0757059101419,0.327522271617
1653925015551969327,,0.0,0.0,0.0,,-0.08781894381,-0.0880902503964,0.211403105992
1653925015585063726,,0.0,0.0,0.0,,-0.246676390661,-0.14818951846,0.161434135715
1653925015617141418,,0.0,0.0,0.0,,-0.363958529394,-0.194232850852,0.1048546629
1653925015649981567,,0.0,0.0,0.0,,-0.474859243731,-0.265550577895,0.044592864348
1653925015682474240,,0.0,0.0,0.0,,-0.584968403175,-0.303503351112,-0.00640431620309
1653925015720819977,,0.0,0.0,0.0,,-0.53605747189,-0.381736311185,-0.126955607589
1653925015748913341,,0.0,0.0,0.0,,-0.623625139444,-0.413640818489,-0.131575590232
1653925015782400790,,0.0,0.0,0.0,,-0.660914290413,-0.424452607739,-0.182951205952
1653925015814804230,,0.0,0.0,0.0,,-0.729970224325,-0.488465460805,-0.320001939856
1653925015846413063,,0.0,0.0,0.0,,-0.762170457476,-0.454424971921,-0.330285856869
1653925015882938267,,0.0,0.0,0.0,,-0.852194004923,-0.42994274581,-0.410533162458
1653925015913207940,,0.0,0.0,0.0,,-0.973490427259,-0.329563671086,-0.516978245578
1653925015946734609,,0.0,0.0,0.0,,-1.06725174237,-0.296316071114,-0.552104894623
1653925015981087912,,0.0,0.0,0.0,,-1.18206989036,-0.202777284101,-0.604849376302
1653925016012086476,,0.0,0.0,0.0,,-1.33517914605,-0.0434166310677,-0.707865330933
1653925016046388649,,0.0,0.0,0.0,,-1.39952059525,0.0852409075841,-0.758269405604
1653925016080934789,,0.0,0.0,0.0,,-1.44881663181,0.251745564964,-0.802772730441
1653925016113132106,,0.0,0.0,0.0,,-1.50633632286,0.412241670246,-0.837528041311
1653925016143387514,,0.0,0.0,0.0,,-1.47736298056,0.510659039935,-0.823571136711
1653925016176745794,,0.0,0.0,0.0,,-1.40286023759,0.532813879086,-0.640294322835
1653925016212404028,,0.0,0.0,0.0,,-1.39936648911,0.571689608294,-0.538297026886
1653925016243809284,,0.0,0.0,0.0,,-1.30038819013,0.532746697772,-0.432135876864
1653925016280089564,,0.0,0.0,0.0,,-1.14298925548,0.603262264455,-0.267919826444
1653925016308789505,,0.0,0.0,0.0,,-1.0635914013,0.687197285226,-0.102868571955
1653925016340970592,,0.0,0.0,0.0,,-0.949350831185,0.700540379935,-0.0523220238066
1653925016377353183,,0.0,0.0,0.0,,-0.878716963492,0.763921653946,0.0391507510442
1653925016408439378,,0.0,0.0,0.0,,-0.740286051128,0.845539693125,0.094115577812
1653925016441065379,,0.0,0.0,0.0,,-0.753532616054,0.921802543828,0.1313595855
1653925016475048849,,0.0,0.0,0.0,,-0.742882430147,1.06364999152,0.172759789978
1653925016506885412,,0.0,0.0,0.0,,-0.684411208375,1.21953443845,0.173441528235
1653925016541773443,,0.0,0.0,0.0,,-0.714228505918,1.32103905365,0.267515537942
1653925016572478212,,0.0,0.0,0.0,,-0.734176606998,1.49049487302,0.213575452993
1653925016607941121,,0.0,0.0,0.0,,-0.764199397186,1.64439450966,0.278240322321
1653925016641125653,,0.0,0.0,0.0,,-0.678734253958,1.76629438988,0.311438483463
1653925016673489960,,0.0,0.0,0.0,,-0.556117737482,1.91382925072,0.304134289836
1653925016706455806,,0.0,0.0,0.0,,-0.611713022727,2.1165650601,0.389664479944
1653925016738629385,,0.0,0.0,0.0,,-0.556891096323,2.15162057913,0.371410799387
1653925016773216918,,0.0,0.0,0.0,,-0.427310881824,2.1947737143,0.348042267637
1653925016803756163,,0.0,0.0,0.0,,-0.399925398429,2.21311789487,0.399813874247
1653925016837917513,,0.0,0.0,0.0,,-0.366464835294,2.26446896459,0.35139839848
1653925016871920176,,0.0,0.0,0.0,,-0.351404481617,2.17611406438,0.163533885276
1653925016903038025,,0.0,0.0,0.0,,-0.107760087968,2.06983034448,-0.0699851064437
1653925016937180150,,0.0,0.0,0.0,,-0.127494205358,1.94332947808,-0.238124780376
1653925016968670000,,0.0,0.0,0.0,,-0.025844101798,1.76539888805,-0.321647054951
1653925017001567912,,0.0,0.0,0.0,,0.168079763035,1.54615195013,-0.39041564067
1653925017037826090,,0.0,0.0,0.0,,0.26702741954,1.22531640703,-0.513179112935
1653925017068193706,,0.0,0.0,0.0,,0.385782637979,1.01263189352,-0.536843637335
1653925017101563563,,0.0,0.0,0.0,,0.508723535079,0.840831931878,-0.586179587814
1653925017133935866,,0.0,0.0,0.0,,0.67302288179,0.582234246434,-0.623298571024
1653925017168442554,,0.0,0.0,0.0,,0.843881184456,0.396552272155,-0.635973427772
1653925017200865562,,0.0,0.0,0.0,,0.829157537761,0.21835579834,-0.516487432453
1653925017233611940,,0.0,0.0,0.0,,0.968954861485,0.0813221132282,-0.424291031076
1653925017266974068,,0.0,0.0,0.0,,1.0080951538,0.00842370431989,-0.243708353301
1653925017298959394,,0.0,0.0,0.0,,0.999001397253,0.0455357105979,-0.230607676947
1653925017331087397,,0.0,0.0,0.0,,1.00051193628,0.117056222223,-0.106934402141
1653925017367882999,,0.0,0.0,0.0,,0.953777434098,0.225616409489,-0.053865326394
1653925017399442490,,0.0,0.0,0.0,,0.946328045591,0.409128971614,-0.00564995382578
1653925017431560555,,0.0,0.0,0.0,,0.81713314981,0.555335894266,-0.0208472848116
1653925017463723184,,0.0,0.0,0.0,,0.604964048775,0.791361085163,0.0038774663753
1653925017497672854,,0.0,0.0,0.0,,0.500843524489,0.947465485531,-0.0133938942407
1653925017531763247,,0.0,0.0,0.0,,0.356036790618,1.1024415173,0.0796626840848
1653925017563718712,,0.0,0.0,0.0,,0.173236249034,1.17434633379,0.0621133667861
1653925017598225672,,0.0,0.0,0.0,,0.0843083866592,1.26107511538,0.0334246512814
1653925017628953382,,0.0,0.0,0.0,,0.0164351560306,1.28461632285,0.000337667477092
1653925017661256584,,0.0,0.0,0.0,,-0.17441226887,1.29296953748,0.0177344260974
1653925017696165397,,0.0,0.0,0.0,,-0.269086081245,1.16608297883,0.0836779815431
1653925017728966357,,0.0,0.0,0.0,,-0.30802541659,1.10387308226,0.0911475404525
1653925017762470943,,0.0,0.0,0.0,,-0.330175426584,0.941039451461,0.125219618962
1653925017794318614,,0.0,0.0,0.0,,-0.328291041425,0.753395051775,0.132440783101
1653925017827014137,,0.0,0.0,0.0,,-0.443634767136,0.627368349913,0.201144935591
1653925017861002369,,0.0,0.0,0.0,,-0.49201945369,0.569590499063,0.276136383933
1653925017893296858,,0.0,0.0,0.0,,-0.396850959529,0.426577223457,0.272300699106
1653925017926005483,,0.0,0.0,0.0,,-0.498018867742,0.358432852995,0.308445179739
1653925017959089231,,0.0,0.0,0.0,,-0.492397888859,0.298203444481,0.301669045113
1653925017992264091,,0.0,0.0,0.0,,-0.483965753524,0.288299883628,0.256278996303
1653925018027220786,,0.0,0.0,0.0,,-0.455319353176,0.235096205129,0.257529187726
1653925018058826659,,0.0,0.0,0.0,,-0.550298202866,0.249687223424,0.239837023424
1653925018091841398,,0.0,0.0,0.0,,-0.537791432804,0.314365886533,0.197719035433
1653925018124833775,,0.0,0.0,0.0,,-0.574973488542,0.330761302068,0.203298152727
1653925018156897301,,0.0,0.0,0.0,,-0.523965475738,0.325500428901,0.160632282179
1653925018192718321,,0.0,0.0,0.0,,-0.598845800104,0.355735888768,0.159304610798
1653925018223771255,,0.0,0.0,0.0,,-0.597915293551,0.356903157425,0.190053748915
1653925018256641217,,0.0,0.0,0.0,,-0.656632722299,0.356021182568,0.259156160131
1653925018289621660,,0.0,0.0,0.0,,-0.6569218314,0.412879332438,0.186125643091
1653925018321125732,,0.0,0.0,0.0,,-0.671945899696,0.372904289618,0.160510512712
1653925018355975822,,0.0,0.0,0.0,,-0.627915245294,0.320880259495,0.186079085746
1653925018389527427,,0.0,0.0,0.0,,-0.542198772449,0.235767778143,0.159925224197
1653925018421742414,,0.0,0.0,0.0,,-0.542324810784,0.163638152383,0.190932121915
1653925018454215831,,0.0,0.0,0.0,,-0.425167376363,0.105690880825,0.0992091913855
1653925018486600570,,0.0,0.0,0.0,,-0.334709071367,-0.00929722148171,0.11334031917
1653925018521750634,,0.0,0.0,0.0,,-0.208360096634,-0.105640001252,0.104732573268
1653925018553739816,,0.0,0.0,0.0,,-0.0687116363493,-0.323927057473,0.0211541630766
1653925018587030433,,0.0,0.0,0.0,,0.0507388606622,-0.455355691917,0.000621227049354
1653925018619010672,,0.0,0.0,0.0,,0.232699902628,-0.590219057739,0.011040040298
1653925018651030190,,0.0,0.0,0.0,,0.311375197491,-0.790598078328,-0.0184855868235
1653925018687764110,,0.0,0.0,0.0,,0.384570546206,-0.957354959119,-0.0502270233613
1653925018718612404,,0.0,0.0,0.0,,0.467662091975,-1.0818123183,-0.0635371944238
1653925018753034555,,0.0,0.0,0.0,,0.536036074188,-1.22497265641,-0.129430003698
1653925018784821129,,0.0,0.0,0.0,,0.588750140181,-1.32474197667,-0.146705793265
1653925018817244893,,0.0,0.0,0.0,,0.613509575922,-1.37168351896,-0.0843311183825
1653925018852127812,,0.0,0.0,0.0,,0.565840938652,-1.3554530685,-0.17480076256
1653925018883684908,,0.0,0.0,0.0,,0.606342999935,-1.3564324536,-0.150058455652
1653925018918379720,,0.0,0.0,0.0,,0.583140367077,-1.26068419377,-0.203974474857
1653925018950315168,,0.0,0.0,0.0,,0.475335809508,-1.14307666055,-0.164575916012
1653925018982612352,,0.0,0.0,0.0,,0.47996571727,-1.03204350458,-0.187085711556
1653925019016311662,,0.0,0.0,0.0,,0.419640739468,-0.84399217503,-0.273429281144
1653925019049434544,,0.0,0.0,0.0,,0.366899726245,-0.668666341678,-0.273152231596
1653925019081378446,,0.0,0.0,0.0,,0.282192147045,-0.522072179317,-0.308807206446
1653925019114067234,,0.0,0.0,0.0,,0.285443610575,-0.452828842089,-0.317829779618
1653925019146597942,,0.0,0.0,0.0,,0.22840120568,-0.355615026436,-0.395529371285
1653925019179527582,,0.0,0.0,0.0,,0.20428999758,-0.290829561581,-0.450018912936
1653925019213493718,,0.0,0.0,0.0,,0.244968843368,-0.327723228589,-0.441794884928
1653925019257050760,,0.0,0.0,0.0,,0.279398039386,-0.333266007142,-0.430668239966
1653925019279927804,,0.0,0.0,0.0,,0.400936533231,-0.365182573999,-0.472186078444
1653925019311426410,,0.0,0.0,0.0,,0.414748376351,-0.472272202861,-0.484373857327
1653925019347705681,,0.0,0.0,0.0,,0.505446858546,-0.63848400254,-0.465212722106
1653925019376782765,,0.0,0.0,0.0,,0.479527838111,-0.796894605608,-0.431799436686
1653925019411976118,,0.0,0.0,0.0,,0.495835821889,-0.964017808654,-0.399864460335
1653925019444515025,,0.0,0.0,0.0,,0.517584745032,-1.10807268811,-0.374829789315
1653925019477115067,,0.0,0.0,0.0,,0.536300317131,-1.28719013022,-0.304427561084
1653925019513048058,,0.0,0.0,0.0,,0.456462822892,-1.42875081669,-0.314477917643
1653925019544273657,,0.0,0.0,0.0,,0.400004132368,-1.57692280611,-0.214385337338
1653925019578042959,,0.0,0.0,0.0,,0.258498861145,-1.59935762966,-0.294238786472
1653925019609367559,,0.0,0.0,0.0,,0.178913630338,-1.63785289599,-0.298890091936
1653925019642169692,,0.0,0.0,0.0,,0.0016031201034,-1.59719331347,-0.337548695834
1653925019676725629,,0.0,0.0,0.0,,-0.141679334325,-1.58638571304,-0.397475708395
1653925019709526138,,0.0,0.0,0.0,,-0.196136192454,-1.51304719716,-0.430867542751
1653925019741608698,,0.0,0.0,0.0,,-0.271282867517,-1.37815010728,-0.531315986585
1653925019774636111,,0.0,0.0,0.0,,-0.394111466702,-1.26461112565,-0.541414954881
1653925019806861179,,0.0,0.0,0.0,,-0.489894944693,-1.0808191661,-0.607239675707
1653925019840831432,,0.0,0.0,0.0,,-0.576632530819,-0.942877305956,-0.635374772363
1653925019871852411,,0.0,0.0,0.0,,-0.558950131554,-0.797883488934,-0.646634072406
1653925019906124860,,0.0,0.0,0.0,,-0.659835280607,-0.603819298398,-0.607437644472
1653925019938951585,,0.0,0.0,0.0,,-0.644697607054,-0.453677599815,-0.584255342098
1653925019972842016,,0.0,0.0,0.0,,-0.634700451265,-0.353028599216,-0.626496113412
1653925020007323375,,0.0,0.0,0.0,,-0.543714060589,-0.260573584466,-0.547507803786
1653925020039643972,,0.0,0.0,0.0,,-0.511186298523,-0.164092520045,-0.528142456581
1653925020073199773,,0.0,0.0,0.0,,-0.414071120407,-0.16312558137,-0.551243490375
1653925020104122405,,0.0,0.0,0.0,,-0.332146069561,-0.198713655051,-0.577856842228
1653925020136134437,,0.0,0.0,0.0,,-0.255580022491,-0.252157217263,-0.599191204905
1653925020172453777,,0.0,0.0,0.0,,-0.149197638374,-0.355609103382,-0.586565760307
1653925020203207467,,0.0,0.0,0.0,,-0.125789179366,-0.45153131959,-0.659537153522
1653925020236268292,,0.0,0.0,0.0,,-0.0274266913133,-0.534358462334,-0.661240431946
1653925020268554598,,0.0,0.0,0.0,,-0.0425401390383,-0.727492092956,-0.708998768809
1653925020302026615,,0.0,0.0,0.0,,-0.0299415749698,-0.794847576569,-0.751901428142
1653925020336916199,,0.0,0.0,0.0,,-0.0967244966315,-0.942198235742,-0.811557901178
1653925020366730194,,0.0,0.0,0.0,,-0.148941813105,-1.00322373482,-0.8034045763
1653925020401140761,,0.0,0.0,0.0,,-0.152351785048,-1.05862532017,-0.821316640677
1653925020433647648,,0.0,0.0,0.0,,-0.254258914496,-1.10096416873,-0.765021901372
1653925020466861513,,0.0,0.0,0.0,,-0.243029149685,-1.01292463115,-0.794838611946
1653925020500971643,,0.0,0.0,0.0,,-0.299539440155,-0.932940661374,-0.779413216675
1653925020532256469,,0.0,0.0,0.0,,-0.331338132888,-0.69894280936,-0.749244324472
1653925020567229981,,0.0,0.0,0.0,,-0.293855708909,-0.538994559955,-0.785450623654
1653925020599500313,,0.0,0.0,0.0,,-0.255125307984,-0.314288219811,-0.797788826781
1653925020630564589,,0.0,0.0,0.0,,-0.189481520469,-0.0220574022335,-0.815168456567
1653925020667206924,,0.0,0.0,0.0,,-0.179197883601,0.260090668747,-0.78881886741
1653925020699581453,,0.0,0.0,0.0,,-0.160059133258,0.495393940666,-0.896098620991
1653925020730725367,,0.0,0.0,0.0,,-0.0534215642011,0.723151027491,-0.892800333313
1653925020763315558,,0.0,0.0,0.0,,-0.017125645467,0.896601813834,-0.956482082287
1653925020797182199,,0.0,0.0,0.0,,-0.0151650876905,0.981504693755,-0.99482068115
1653925020831594797,,0.0,0.0,0.0,,0.109729483636,1.10266147074,-1.02929606099
1653925020862364935,,0.0,0.0,0.0,,0.200302501126,1.09016948163,-1.07031625615
1653925020897346945,,0.0,0.0,0.0,,0.183484627718,1.02991216539,-1.09997251064
1653925020928948254,,0.0,0.0,0.0,,0.245722778859,0.882588293369,-1.13729832052
1653925020960810234,,0.0,0.0,0.0,,0.214010824192,0.764117915163,-1.15894724542
1653925020996063651,,0.0,0.0,0.0,,0.261059381671,0.540051211564,-1.12528337743
1653925021029162295,,0.0,0.0,0.0,,0.270284245836,0.356921460198,-1.17421005017
1653925021060342297,,0.0,0.0,0.0,,0.219747195919,0.203489651487,-1.11156974496
1653925021093829752,,0.0,0.0,0.0,,0.251453094129,0.0354837398727,-1.12051793311
1653925021125924517,,0.0,0.0,0.0,,0.147543278511,-0.0493329889515,-1.0622544985
1653925021161364493,,0.0,0.0,0.0,,0.0979521964544,-0.168605674261,-1.02623869756
1653925021193331036,,0.0,0.0,0.0,,0.0385794430727,-0.203112336897,-0.990128981521
1653925021227393508,,0.0,0.0,0.0,,-0.0361385842594,-0.197772903214,-1.05721744743
1653925021258034556,,0.0,0.0,0.0,,-0.102323644255,-0.102653374305,-1.03372223701
1653925021291565974,,0.0,0.0,0.0,,-0.111183633578,-0.0487743808631,-0.994152176385
1653925021325474720,,0.0,0.0,0.0,,-0.239657677597,0.0823508971318,-1.01042040633
1653925021358377716,,0.0,0.0,0.0,,-0.269054971868,0.216683055664,-1.04522363524
1653925021390729072,,0.0,0.0,0.0,,-0.296235682989,0.347396387874,-1.04170950292
1653925021423469372,,0.0,0.0,0.0,,-0.318867594845,0.527561783779,-1.04973924406
1653925021457685668,,0.0,0.0,0.0,,-0.357255659219,0.685994691684,-1.10212402023
1653925021491340733,,0.0,0.0,0.0,,-0.364839730519,0.860543377575,-1.14963182789
1653925021529441949,,0.0,0.0,0.0,,-0.354562777098,0.958827291772,-1.20290143372
1653925021557136421,,0.0,0.0,0.0,,-0.360683560409,0.98879880218,-1.21737364408
1653925021587582484,,0.0,0.0,0.0,,-0.300039938274,1.04958001527,-1.23926792218
1653925021620958353,,0.0,0.0,0.0,,-0.315655484945,1.01435929104,-1.28253642352
1653925021656820550,,0.0,0.0,0.0,,-0.22546691906,0.993745459965,-1.23245875719
1653925021688249376,,0.0,0.0,0.0,,-0.218608368597,0.942568560061,-1.25236811829
1653925021721102635,,0.0,0.0,0.0,,-0.242310459038,0.840156810368,-1.26782419605
1653925021753722857,,0.0,0.0,0.0,,-0.226088653038,0.686100559617,-1.27781164016
1653925021786014316,,0.0,0.0,0.0,,-0.268208028411,0.624822290178,-1.23031002236
1653925021820691591,,0.0,0.0,0.0,,-0.219306315212,0.450255354876,-1.20220913001
1653925021852819859,,0.0,0.0,0.0,,-0.230476836136,0.315346845772,-1.15237116063
1653925021885616389,,0.0,0.0,0.0,,-0.267826738436,0.274261710449,-1.1967848926
1653925021918363814,,0.0,0.0,0.0,,-0.295119800834,0.173766962736,-1.15704279658
1653925021951662844,,0.0,0.0,0.0,,-0.355354065185,0.211870400321,-1.17203495509
1653925021985619845,,0.0,0.0,0.0,,-0.375295309395,0.237481622017,-1.09690949096
1653925022018559524,,0.0,0.0,0.0,,-0.381143818955,0.247803798761,-1.17554183034
1653925022051792918,,0.0,0.0,0.0,,-0.383406425839,0.392964155004,-1.17747093189
1653925022083630699,,0.0,0.0,0.0,,-0.469745513116,0.446101239159,-1.19401749204
1653925022117022155,,0.0,0.0,0.0,,-0.468727067877,0.50881120696,-1.27199295932
1653925022151757726,,0.0,0.0,0.0,,-0.505468469692,0.584249685848,-1.29696797291
1653925022182474845,,0.0,0.0,0.0,,-0.455078642368,0.646234239535,-1.34581225649
1653925022216246861,,0.0,0.0,0.0,,-0.500783066643,0.632199854977,-1.38150010162
1653925022247983346,,0.0,0.0,0.0,,-0.50808352501,0.648814396855,-1.42762202121
1653925022281072627,,0.0,0.0,0.0,,-0.511104229531,0.58036394854,-1.50027922572
1653925022317030024,,0.0,0.0,0.0,,-0.471349380271,0.486909511696,-1.50815123219
1653925022348412232,,0.0,0.0,0.0,,-0.46497708058,0.38836098103,-1.4933617382
1653925022381384912,,0.0,0.0,0.0,,-0.439826403065,0.215746145809,-1.5544084749
1653925022413919105,,0.0,0.0,0.0,,-0.430981521533,0.0692168835849,-1.5190118733
1653925022446227483,,0.0,0.0,0.0,,-0.433621122843,-0.0800345958893,-1.42281933101
1653925022481678392,,0.0,0.0,0.0,,-0.271327717314,-0.196006699004,-1.36346541401
1653925022512647210,,0.0,0.0,0.0,,-0.271490361194,-0.397251352689,-1.10663674756
1653925022545870934,,0.0,0.0,0.0,,-0.269258116635,-0.523020348312,-0.802801705384
1653925022578709722,,0.0,0.0,0.0,,-0.235746620565,-0.537005053915,-0.322641594527
1653925022611552834,,0.0,0.0,0.0,,-0.181849544464,-0.50261478464,-0.0321119743003
1653925022645599344,,0.0,0.0,0.0,,0.0277016597882,-0.454638842219,0.306521894519
1653925022677135329,,0.0,0.0,0.0,,-0.0320499423088,-0.340535729657,0.377917034819
1653925022711589980,,0.0,0.0,0.0,,0.0203992137299,-0.239999507221,0.712099994857
1653925022743334580,,0.0,0.0,0.0,,0.139134248426,-0.236039651689,0.991994370216
1653925022777268470,,0.0,0.0,0.0,,0.214705435754,-0.161908820522,1.22632268599
1653925022811354620,,0.0,0.0,0.0,,0.133907459504,-0.0092148856857,1.42498812951
1653925022842410334,,0.0,0.0,0.0,,0.174998050973,0.052133353171,1.63465935566
1653925022876284435,,0.0,0.0,0.0,,0.192166144999,0.127378065461,1.81521754081
1653925022908396764,,0.0,0.0,0.0,,0.186157045953,0.123395291443,1.90357030659
1653925022940461111,,0.0,0.0,0.0,,0.195081275073,0.0908294964291,2.04152241202
1653925022976461075,,0.0,0.0,0.0,,0.205974426283,0.0419497412217,2.17255254761
1653925023008392335,,0.0,0.0,0.0,,0.228775211898,-0.0653059065939,2.33255954732
1653925023040554554,,0.0,0.0,0.0,,0.261450116516,-0.229551238782,2.52248106804
1653925023073638638,,0.0,0.0,0.0,,0.302286616944,-0.356943765034,2.75414977219
1653925023106447954,,0.0,0.0,0.0,,0.315072144101,-0.524004856047,2.96098156063
1653925023142073097,,0.0,0.0,0.0,,0.401278789741,-0.664875373245,3.0521500719
1653925023173095672,,0.0,0.0,0.0,,0.399909977143,-0.667629647028,3.14363917517
1653925023206947064,,0.0,0.0,0.0,,0.594189051833,-0.789311601525,3.1955945032
1653925023238278002,,0.0,0.0,0.0,,0.613801673231,-0.788192944605,3.02101785622
1653925023272343346,,0.0,0.0,0.0,,0.670094384823,-0.783848624128,2.93312506099
1653925023306156152,,0.0,0.0,0.0,,0.822321799062,-0.866391940496,2.84943710097
1653925023337988712,,0.0,0.0,0.0,,0.831567207156,-0.87466324622,2.71921356802
1653925023372487546,,0.0,0.0,0.0,,0.811631165629,-0.720760674725,2.55165835551
1653925023403477085,,0.0,0.0,0.0,,0.873113220165,-0.623991675142,2.29973024307
1653925023436312839,,0.0,0.0,0.0,,0.898678938393,-0.55270909956,2.13513335625
1653925023472408174,,0.0,0.0,0.0,,0.919971199357,-0.498274466227,1.90280703295
1653925023503565891,,0.0,0.0,0.0,,0.910788863792,-0.378098728524,1.75946846958
1653925023536290937,,0.0,0.0,0.0,,0.942062485732,-0.308474234724,1.66043435516
1653925023567850603,,0.0,0.0,0.0,,0.906118721947,-0.292177350003,1.51098810857
1653925023601230467,,0.0,0.0,0.0,,0.922384177125,-0.332219387373,1.43420098749
1653925023636876597,,0.0,0.0,0.0,,0.923382025074,-0.290559609026,1.31510127138
1653925023667374325,,0.0,0.0,0.0,,0.962364902875,-0.314093345976,1.2809093444
1653925023700667037,,0.0,0.0,0.0,,0.952718007724,-0.410691910995,1.15348469491
1653925023733881309,,0.0,0.0,0.0,,0.887358220009,-0.529100550694,1.12549063099
1653925023767475742,,0.0,0.0,0.0,,0.899493225008,-0.533587611453,1.02312114309
1653925023800740663,,0.0,0.0,0.0,,0.873388882331,-0.571659352691,0.958110442074
1653925023832472986,,0.0,0.0,0.0,,0.77773363047,-0.646901730444,0.897056021413
1653925023866262757,,0.0,0.0,0.0,,0.787557897095,-0.658964431488,0.820917234693
1653925023898444169,,0.0,0.0,0.0,,0.682575595035,-0.686323287817,0.77833618122
1653925023931542950,,0.0,0.0,0.0,,0.615582484974,-0.678087893946,0.706138840538
1653925023965988262,,0.0,0.0,0.0,,0.517833353245,-0.661507716458,0.647816335462
1653925023998229005,,0.0,0.0,0.0,,0.474146342736,-0.601797935929,0.58777219583
1653925024031406374,,0.0,0.0,0.0,,0.434411637198,-0.53206271836,0.526349798728
1653925024063156096,,0.0,0.0,0.0,,0.308499367685,-0.522775368636,0.447021847273
1653925024095674179,,0.0,0.0,0.0,,0.22044170076,-0.41921353248,0.452612090304
1653925024131103638,,0.0,0.0,0.0,,0.163968616145,-0.390434743856,0.363789829058
1653925024163220023,,0.0,0.0,0.0,,0.0795910738202,-0.239891451494,0.283517924116
1653925024200913014,,0.0,0.0,0.0,,0.0297729546746,-0.284212415616,0.286983791552
1653925024227681108,,0.0,0.0,0.0,,-0.0103926130699,-0.258615507969,0.32065849179
1653925024260446075,,0.0,0.0,0.0,,-0.163840390015,-0.265933308613,0.215722933838
1653925024296848633,,0.0,0.0,0.0,,-0.20043853128,-0.282684454274,0.181900717522
1653925024328967913,,0.0,0.0,0.0,,-0.274518749678,-0.340522389444,0.161153244185
1653925024362035028,,0.0,0.0,0.0,,-0.309310772814,-0.334933347032,0.0899968670208
1653925024393720467,,0.0,0.0,0.0,,-0.298165451554,-0.362958547011,0.0804952201116
1653925024426320977,,0.0,0.0,0.0,,-0.412928744587,-0.365035831653,0.00603676664838
1653925024462184350,,0.0,0.0,0.0,,-0.391415222847,-0.36088819928,-0.0303469040083
1653925024493428660,,0.0,0.0,0.0,,-0.419664751852,-0.367350945617,-0.0659112721298
1653925024526508912,,0.0,0.0,0.0,,-0.394522612074,-0.341180435482,-0.129342758704
1653925024558347568,,0.0,0.0,0.0,,-0.42799635534,-0.247351512171,-0.125717368998
1653925024591128957,,0.0,0.0,0.0,,-0.501766453801,-0.105771389012,-0.153930532582
1653925024625746823,,0.0,0.0,0.0,,-0.493449631269,-0.0799562021263,-0.202597124522
1653925024658602934,,0.0,0.0,0.0,,-0.509934986522,0.085216815159,-0.198714055257
1653925024691712714,,0.0,0.0,0.0,,-0.511974705124,0.211791159454,-0.200604630275
1653925024723663063,,0.0,0.0,0.0,,-0.517097026836,0.336142317195,-0.143600565153
1653925024755461546,,0.0,0.0,0.0,,-0.55985833327,0.449957654677,-0.24836808978
1653925024791724102,,0.0,0.0,0.0,,-0.539752817674,0.55311576262,-0.294968015888
1653925024822474493,,0.0,0.0,0.0,,-0.560454160553,0.617826575643,-0.292491912231
1653925024857784749,,0.0,0.0,0.0,,-0.485365888943,0.656923378864,-0.344249645018
1653925024887954486,,0.0,0.0,0.0,,-0.494198017231,0.690852183484,-0.376275548263
1653925024920434159,,0.0,0.0,0.0,,-0.50305837341,0.677454767427,-0.443765554586
1653925024957032338,,0.0,0.0,0.0,,-0.429810784421,0.594472184519,-0.465018648684
1653925024988185116,,0.0,0.0,0.0,,-0.395525555984,0.57980958264,-0.493859709424
1653925025020650107,,0.0,0.0,0.0,,-0.419980728143,0.460768563473,-0.644048952527
1653925025052586652,,0.0,0.0,0.0,,-0.276528266037,0.32983106232,-0.607670244429
1653925025084795123,,0.0,0.0,0.0,,-0.237007404117,0.252401129722,-0.637140963233
1653925025119944130,,0.0,0.0,0.0,,-0.119313172857,0.141722276471,-0.788057354678
1653925025153252527,,0.0,0.0,0.0,,-0.0534498587933,0.0509328006821,-0.829590881247
1653925025185897326,,0.0,0.0,0.0,,-0.0342719349139,0.000240510704192,-0.837613632119
1653925025216972115,,0.0,0.0,0.0,,0.0303203836645,-0.0122373644553,-0.889174943607
1653925025250619330,,0.0,0.0,0.0,,0.0868615433875,-0.0464813449524,-0.882292567522
1653925025285857921,,0.0,0.0,0.0,,0.115467816375,0.0551051924913,-0.907968635995
1653925025318764546,,0.0,0.0,0.0,,0.0929782579337,0.0898060219304,-0.998061605912
1653925025351792622,,0.0,0.0,0.0,,0.16842915656,0.160440489933,-0.97650296757
1653925025382333275,,0.0,0.0,0.0,,0.152854684406,0.253887496279,-0.996195470164
1653925025416363247,,0.0,0.0,0.0,,0.131031496296,0.363437567388,-1.01564400694
1653925025450300443,,0.0,0.0,0.0,,0.116734883167,0.480318219064,-1.0191828987
1653925025482048067,,0.0,0.0,0.0,,0.117222961548,0.605338908766,-1.02552761083
1653925025516833376,,0.0,0.0,0.0,,0.103929572474,0.670837754864,-0.987480148783
1653925025547901658,,0.0,0.0,0.0,,0.109747506264,0.776340165157,-1.00847358897
1653925025581312217,,0.0,0.0,0.0,,0.136500943697,0.83479831352,-1.10228997248
1653925025617939311,,0.0,0.0,0.0,,0.18550185472,0.915097859384,-1.09490835226
1653925025647225227,,0.0,0.0,0.0,,0.202038623155,0.886422377371,-1.11890782273
1653925025681040199,,0.0,0.0,0.0,,0.193761100892,0.919576329046,-1.1644514174
1653925025712591091,,0.0,0.0,0.0,,0.248302722735,0.921297323273,-1.14828201175
1653925025744810321,,0.0,0.0,0.0,,0.230546685492,0.860473528219,-1.19454715187
1653925025781507432,,0.0,0.0,0.0,,0.255322449655,0.797035958507,-1.16695041286
1653925025812880213,,0.0,0.0,0.0,,0.215516494038,0.751146105269,-1.2612783135
1653925025845099753,,0.0,0.0,0.0,,0.218565519832,0.621228383375,-1.22900524279
1653925025878581122,,0.0,0.0,0.0,,0.170507228274,0.499492267612,-1.24944330322
1653925025912327791,,0.0,0.0,0.0,,0.0769157340791,0.453386249558,-1.27378140167
1653925025946536744,,0.0,0.0,0.0,,0.00381708857026,0.301597434849,-1.25839896188
1653925025978755170,,0.0,0.0,0.0,,-0.0522576439376,0.263462034113,-1.24289912822
1653925026011141051,,0.0,0.0,0.0,,-0.127018066467,0.242117933081,-1.30007805686
1653925026042951797,,0.0,0.0,0.0,,-0.207658334717,0.160078796732,-1.28597478344
1653925026077024159,,0.0,0.0,0.0,,-0.263751703503,0.121512907316,-1.3244023882
1653925026110888313,,0.0,0.0,0.0,,-0.365958093954,0.157034426672,-1.34494951822
1653925026142354980,,0.0,0.0,0.0,,-0.353987413701,0.119556831851,-1.3011392975
1653925026177843270,,0.0,0.0,0.0,,-0.417056420002,0.149503569483,-1.3446878366
1653925026207322891,,0.0,0.0,0.0,,-0.448795562023,0.227410881611,-1.37843484079
1653925026241190226,,0.0,0.0,0.0,,-0.487590929787,0.309567064991,-1.37114105253
1653925026277768619,,0.0,0.0,0.0,,-0.497573838228,0.318195248099,-1.37759824934
1653925026307724023,,0.0,0.0,0.0,,-0.523598032905,0.438431843855,-1.40540405617
1653925026341511788,,0.0,0.0,0.0,,-0.585934448056,0.467383548323,-1.45487212812
1653925026372688399,,0.0,0.0,0.0,,-0.558884924591,0.48053006165,-1.45590220603
1653925026405571791,,0.0,0.0,0.0,,-0.539169316748,0.488054155351,-1.48478835669
1653925026440576664,,0.0,0.0,0.0,,-0.548476890235,0.457422037584,-1.50547529213
1653925026473893693,,0.0,0.0,0.0,,-0.539423154325,0.395638280786,-1.54832704521
1653925026506406263,,0.0,0.0,0.0,,-0.577184602203,0.318624669563,-1.4997274745
1653925026537894286,,0.0,0.0,0.0,,-0.50169009442,0.216820913427,-1.58190446862
1653925026571778327,,0.0,0.0,0.0,,-0.554843106789,0.0937741217143,-1.52599680894
1653925026606283302,,0.0,0.0,0.0,,-0.492849855283,-0.0272972645646,-1.53347992151
1653925026637129265,,0.0,0.0,0.0,,-0.489650605348,-0.106714275283,-1.46446747669
1653925026671271638,,0.0,0.0,0.0,,-0.446670359335,-0.273536990026,-1.452267158
1653925026702418887,,0.0,0.0,0.0,,-0.404107181748,-0.327322568625,-1.41207149474
1653925026735877212,,0.0,0.0,0.0,,-0.419016604253,-0.465584327086,-1.4187521668
1653925026771844983,,0.0,0.0,0.0,,-0.381399310718,-0.520308496407,-1.48551545167
1653925026802143499,,0.0,0.0,0.0,,-0.399456996862,-0.552591865767,-1.50606012708
1653925026835832390,,0.0,0.0,0.0,,-0.452493095602,-0.54219130193,-1.5218237768
1653925026868113447,,0.0,0.0,0.0,,-0.49023512013,-0.501148481764,-1.60188682736
1653925026900809102,,0.0,0.0,0.0,,-0.477073879208,-0.481508219444,-1.63300186085
1653925026935705166,,0.0,0.0,0.0,,-0.548957191272,-0.423769001852,-1.70767920053
1653925026967600571,,0.0,0.0,0.0,,-0.689724295136,-0.2276416673,-1.79157334689
1653925027001450857,,0.0,0.0,0.0,,-0.573163861938,-0.347435394658,-1.64018860724
1653925027031982122,,0.0,0.0,0.0,,-0.480800761257,-0.284702401648,-1.4433088313
1653925027065085586,,0.0,0.0,0.0,,-0.687907945065,-0.0920793410059,-1.26336856483
1653925027100269324,,0.0,0.0,0.0,,-0.645226839993,-0.170437925867,-0.960154056018
1653925027133108253,,0.0,0.0,0.0,,-0.393338294624,-0.199440536589,-0.637185466184
1653925027167243251,,0.0,0.0,0.0,,-0.399094116382,-0.214136675764,-0.381540023287
1653925027197238238,,0.0,0.0,0.0,,-0.47056225433,-0.252390964479,0.0239215636292
1653925027230775847,,0.0,0.0,0.0,,-0.237406543297,-0.337458836158,0.354508722554
1653925027266721712,,0.0,0.0,0.0,,-0.0293327009579,-0.466250804138,0.665545532196
1653925027298154169,,0.0,0.0,0.0,,-0.0246555955216,-0.417182858543,0.947260473134
1653925027331055208,,0.0,0.0,0.0,,0.161821882353,-0.421783444516,1.13350489748
1653925027362528119,,0.0,0.0,0.0,,0.376515245214,-0.45178094166,1.31582740587
1653925027395546535,,0.0,0.0,0.0,,0.455511185442,-0.411023762139,1.4919540789
1653925027430899308,,0.0,0.0,0.0,,0.531363104218,-0.445290607762,1.54822309827
1653925027462188304,,0.0,0.0,0.0,,0.694329603545,-0.434665608178,1.78742176581
1653925027496922895,,0.0,0.0,0.0,,0.662172592685,-0.415314775125,1.8626625961
1653925027528072277,,0.0,0.0,0.0,,0.760472781942,-0.439986512304,1.95871810772
1653925027561267209,,0.0,0.0,0.0,,0.741783836908,-0.432904166424,2.1203229448
1653925027597200174,,0.0,0.0,0.0,,0.7136180044,-0.377937045139,2.27632724021
1653925027627358531,,0.0,0.0,0.0,,0.634880437422,-0.421632966911,2.41802655818
1653925027661430484,,0.0,0.0,0.0,,0.580441855386,-0.373318983487,2.59086321446
1653925027692392949,,0.0,0.0,0.0,,0.519376709194,-0.299771026256,2.55413856796
1653925027725555109,,0.0,0.0,0.0,,0.457362593594,-0.3455799044,2.60614213419
1653925027760818742,,0.0,0.0,0.0,,0.445131459018,-0.323196627438,2.46046337726
1653925027793459623,,0.0,0.0,0.0,,0.521038152709,-0.425309956562,2.43338594607
1653925027826020361,,0.0,0.0,0.0,,0.455257988195,-0.454338207174,2.34951805325
1653925027857332077,,0.0,0.0,0.0,,0.505343658657,-0.540777772937,2.19138401949
1653925027892135560,,0.0,0.0,0.0,,0.490120180853,-0.556904810062,2.05793386249
1653925027927340325,,0.0,0.0,0.0,,0.568776105727,-0.654272304971,1.86790860827
1653925027957836943,,0.0,0.0,0.0,,0.646857387575,-0.715165682578,1.67192582827
1653925027991845425,,0.0,0.0,0.0,,0.697874951972,-0.788126350261,1.50304844055
1653925028022789637,,0.0,0.0,0.0,,0.751454210834,-0.793579882787,1.36711550979
1653925028055237128,,0.0,0.0,0.0,,0.856817776187,-0.717643440421,1.24905633031
1653925028090517553,,0.0,0.0,0.0,,0.889173769668,-0.728196242771,1.0854340261
1653925028122052357,,0.0,0.0,0.0,,0.98787971485,-0.633788247485,0.983466452151
1653925028155805781,,0.0,0.0,0.0,,0.994711611567,-0.505814514823,0.865939066937
1653925028188002938,,0.0,0.0,0.0,,1.04570238882,-0.356366614049,0.889101092186
1653925028220815247,,0.0,0.0,0.0,,0.981113131816,-0.264165810402,0.703926606298
1653925028255764190,,0.0,0.0,0.0,,0.942410398493,-0.0858978130337,0.589700016723
1653925028287655282,,0.0,0.0,0.0,,0.900622554099,0.00976142088122,0.584145472102
1653925028321822983,,0.0,0.0,0.0,,0.828730650938,0.133601501713,0.508423380282
1653925028353000077,,0.0,0.0,0.0,,0.700117655258,0.137350275052,0.427646841754
1653925028386566395,,0.0,0.0,0.0,,0.556261544981,0.160155502958,0.387286266772
1653925028420988894,,0.0,0.0,0.0,,0.413003022895,0.0769392928956,0.292596659585
1653925028453701817,,0.0,0.0,0.0,,0.331472121989,0.0165130228551,0.263989799629
1653925028485512479,,0.0,0.0,0.0,,0.224570216608,-0.086992837766,0.224499380075
1653925028517513956,,0.0,0.0,0.0,,0.152643175325,-0.236818399976,0.218967727261
1653925028550687936,,0.0,0.0,0.0,,0.03675175382,-0.412823063418,0.161008689635
1653925028586577901,,0.0,0.0,0.0,,-0.0479436057444,-0.574758444305,0.100395456506
1653925028617588991,,0.0,0.0,0.0,,-0.0743803798654,-0.767098652406,0.0815500040907
1653925028651400702,,0.0,0.0,0.0,,-0.107030851883,-0.855481193544,-0.0238631868561
1653925028683831368,,0.0,0.0,0.0,,-0.183282123281,-0.913654661757,0.0246863847337
1653925028715822732,,0.0,0.0,0.0,,-0.203284278905,-0.924382541066,-0.0594641071618
1653925028750840308,,0.0,0.0,0.0,,-0.23551295339,-0.806266692366,-0.0836918553649
1653925028782717064,,0.0,0.0,0.0,,-0.217486510026,-0.684306194216,-0.129324722736
1653925028817088669,,0.0,0.0,0.0,,-0.328782681643,-0.480543081698,-0.18455523319
1653925028848131591,,0.0,0.0,0.0,,-0.351300481315,-0.247078518048,-0.266680307192
1653925028881482842,,0.0,0.0,0.0,,-0.368578085151,0.0602712434226,-0.370011731185
1653925028916114938,,0.0,0.0,0.0,,-0.433658848966,0.281767714821,-0.371759085674
1653925028947540260,,0.0,0.0,0.0,,-0.477667625418,0.557083889085,-0.381296430994
1653925028981571244,,0.0,0.0,0.0,,-0.552773079223,0.781050541085,-0.479028700693
1653925029012367527,,0.0,0.0,0.0,,-0.621965029949,1.00174147705,-0.475427536814
1653925029045153104,,0.0,0.0,0.0,,-0.625151953527,1.08221604651,-0.600216000085
1653925029081256536,,0.0,0.0,0.0,,-0.717831910953,1.13243661321,-0.579216103234
1653925029114031175,,0.0,0.0,0.0,,-0.674375899576,1.15027866815,-0.572335114532
1653925029146124908,,0.0,0.0,0.0,,-0.701075429207,1.06558784425,-0.553916655661
1653925029178555469,,0.0,0.0,0.0,,-0.758674894725,0.989774345292,-0.576102924354
1653925029210810501,,0.0,0.0,0.0,,-0.721377686267,0.893725823945,-0.598208191273
1653925029247076722,,0.0,0.0,0.0,,-0.699195472999,0.725662029145,-0.632510735306
1653925029276229532,,0.0,0.0,0.0,,-0.654334897252,0.550850807858,-0.648931363844
1653925029310925978,,0.0,0.0,0.0,,-0.637612139564,0.400142737183,-0.691958567408
1653925029343297465,,0.0,0.0,0.0,,-0.568834162335,0.294706227543,-0.732403959465
1653925029376251559,,0.0,0.0,0.0,,-0.443045823402,0.162424659887,-0.803689149728
1653925029410065326,,0.0,0.0,0.0,,-0.412724746047,0.052787277083,-0.870778736212
1653925029442227707,,0.0,0.0,0.0,,-0.359892432404,0.00216318227512,-0.903701688754
1653925029476289506,,0.0,0.0,0.0,,-0.27299791201,0.0557897188524,-1.02560124881
1653925029506184048,,0.0,0.0,0.0,,-0.196672909252,-0.0105291768326,-1.07930585232
1653925029540316493,,0.0,0.0,0.0,,-0.181470682408,0.0992384331329,-1.16243907291
1653925029575896331,,0.0,0.0,0.0,,-0.111171027077,0.195281151487,-1.16103984463
1653925029607806790,,0.0,0.0,0.0,,-0.0567971650849,0.254445890924,-1.20344742197
1653925029640008776,,0.0,0.0,0.0,,-0.0695653032738,0.314775831285,-1.25269852869
1653925029672490465,,0.0,0.0,0.0,,0.00934623342509,0.378342747704,-1.23757574281
1653925029705083604,,0.0,0.0,0.0,,0.039019976934,0.44332223262,-1.28987887688
1653925029740681907,,0.0,0.0,0.0,,-0.00646077198545,0.466111639034,-1.315317703
1653925029770651267,,0.0,0.0,0.0,,0.0585295852049,0.515660712759,-1.30683418116
1653925029805961720,,0.0,0.0,0.0,,0.0053581099811,0.557851591675,-1.35648581445
1653925029838730961,,0.0,0.0,0.0,,0.0178838231453,0.559845419943,-1.33572011838
1653925029870669643,,0.0,0.0,0.0,,-0.0019180024963,0.534868912253,-1.34334581115
1653925029905905938,,0.0,0.0,0.0,,-0.0372627039967,0.577171528794,-1.35667609925
1653925029937295166,,0.0,0.0,0.0,,0.0345203496944,0.571964363326,-1.37408571784
1653925029971645777,,0.0,0.0,0.0,,-0.0136411951134,0.639791556879,-1.4349715182
1653925030001353499,,0.0,0.0,0.0,,0.0369382099802,0.628563526296,-1.44072520552
1653925030036758331,,0.0,0.0,0.0,,0.069701520191,0.614036460983,-1.48862948432
1653925030071358313,,0.0,0.0,0.0,,0.137092288668,0.619580867042,-1.57441025699
1653925030101117566,,0.0,0.0,0.0,,0.136372944351,0.648093598454,-1.58045646851
1653925030136250958,,0.0,0.0,0.0,,0.125498175954,0.688349772927,-1.61445725692
1653925030167481544,,0.0,0.0,0.0,,0.143283575006,0.672935209909,-1.67835015479
1653925030200202823,,0.0,0.0,0.0,,0.188019953368,0.643280662967,-1.73175124177
1653925030236092269,,0.0,0.0,0.0,,0.112056923957,0.609094552315,-1.67474338802
1653925030266446781,,0.0,0.0,0.0,,0.0940335221605,0.54784781914,-1.6778654248
1653925030300559421,,0.0,0.0,0.0,,0.0419079596739,0.505776361813,-1.77001204051
1653925030332998430,,0.0,0.0,0.0,,0.0196104869633,0.394594382421,-1.709005111
1653925030366131389,,0.0,0.0,0.0,,-0.0854439789799,0.33282732757,-1.73535224556
1653925030400847889,,0.0,0.0,0.0,,-0.0943638658605,0.212351061543,-1.70751911797
1653925030432310796,,0.0,0.0,0.0,,-0.171302505086,0.124220076806,-1.7313452724
1653925030465684771,,0.0,0.0,0.0,,-0.251614030461,0.0120926631625,-1.7196670363
1653925030497555440,,0.0,0.0,0.0,,-0.251011266267,-0.0463819336835,-1.75587130777
1653925030529521569,,0.0,0.0,0.0,,-0.311050123175,-0.0436633182906,-1.76396369455
1653925030566832523,,0.0,0.0,0.0,,-0.354634494084,-0.0216759655168,-1.76575800659
1653925030600524131,,0.0,0.0,0.0,,-0.453733415267,0.0466016603355,-1.76010260996
1653925030630916971,,0.0,0.0,0.0,,-0.469374388384,0.0755418255193,-1.77517427614
1653925030662408781,,0.0,0.0,0.0,,-0.502198303183,0.143494537138,-1.82995474116
1653925030695711417,,0.0,0.0,0.0,,-0.584522146363,0.221737048804,-1.85074903864
1653925030729816382,,0.0,0.0,0.0,,-0.652091180109,0.251393810221,-1.91064680945
1653925030762004326,,0.0,0.0,0.0,,-0.6185609277,0.360717071025,-1.84997189118
1653925030795994775,,0.0,0.0,0.0,,-0.719201950851,0.370827725348,-1.88219117416
1653925030827895456,,0.0,0.0,0.0,,-0.649895967982,0.391086493313,-1.92282525019
1653925030860283191,,0.0,0.0,0.0,,-0.691152284921,0.379689575631,-1.92303890704
1653925030896511608,,0.0,0.0,0.0,,-0.6640867532,0.234971260692,-1.95166380297
1653925030928542142,,0.0,0.0,0.0,,-0.653979727415,0.14803682638,-1.9298597047
1653925030960385453,,0.0,0.0,0.0,,-0.682509480939,0.0669325721737,-1.92392512409
1653925030991548210,,0.0,0.0,0.0,,-0.648723149796,-0.184446403731,-1.94786941944
1653925031025279655,,0.0,0.0,0.0,,-0.608608968553,-0.323890398567,-1.94192651453
1653925031060727451,,0.0,0.0,0.0,,-0.599281651551,-0.546683592052,-1.9772044416
1653925031092011478,,0.0,0.0,0.0,,-0.504780007968,-0.695218168467,-2.01317072366
1653925031125158354,,0.0,0.0,0.0,,-0.560999081583,-0.831973123164,-1.97340344132
1653925031157886586,,0.0,0.0,0.0,,-0.498276387218,-0.915049301008,-2.02374001451
1653925031190606773,,0.0,0.0,0.0,,-0.487153957763,-0.934694205722,-2.03140348676
1653925031225187198,,0.0,0.0,0.0,,-0.522769712386,-0.894493473175,-2.05385559923
1653925031257579465,,0.0,0.0,0.0,,-0.515369575946,-0.842387720905,-1.98060011283
1653925031291475230,,0.0,0.0,0.0,,-0.532191958346,-0.735783035474,-2.1196232773
1653925031321926967,,0.0,0.0,0.0,,-0.484570918957,-0.676915075761,-2.09952950109
1653925031355129687,,0.0,0.0,0.0,,-0.496473323998,-0.527424006057,-2.11249085226
1653925031389775494,,0.0,0.0,0.0,,-0.486709515219,-0.371079081645,-2.14589218485
1653925031422466749,,0.0,0.0,0.0,,-0.455732419538,-0.262509676291,-2.13624987873
1653925031456488112,,0.0,0.0,0.0,,-0.461720521089,-0.163924139874,-2.20395540954
1653925031487839163,,0.0,0.0,0.0,,-0.431079145214,-0.0934097271201,-2.25758370702
1653925031520066813,,0.0,0.0,0.0,,-0.385219867744,-0.0254539405819,-2.25925817059
1653925031554896536,,0.0,0.0,0.0,,-0.335897817767,-0.0712531270611,-2.31540061802
1653925031586912823,,0.0,0.0,0.0,,-0.298978164024,-0.0176404442952,-2.3374570064
1653925031620565002,,0.0,0.0,0.0,,-0.301576437353,-0.0334112310269,-2.32525273901
1653925031652110647,,0.0,0.0,0.0,,-0.20817154606,-0.112226651489,-2.38957561863
1653925031686243878,,0.0,0.0,0.0,,-0.266478256323,-0.176331818831,-2.42729341733
1653925031719845851,,0.0,0.0,0.0,,-0.210919256458,-0.197505178475,-2.31564778549
1653925031752455613,,0.0,0.0,0.0,,-0.195217105124,-0.242311579616,-2.39984117951
1653925031785056855,,0.0,0.0,0.0,,-0.180317314253,-0.299995728808,-2.35364028586
1653925031817566890,,0.0,0.0,0.0,,-0.20154590238,-0.324778750046,-2.37635343962
1653925031851407819,,0.0,0.0,0.0,,-0.181826959483,-0.384864831309,-2.3811988185
1653925031885469361,,0.0,0.0,0.0,,-0.245939637365,-0.414096119966,-2.40969287361
1653925031918560492,,0.0,0.0,0.0,,-0.184766528827,-0.434519612884,-2.48218892835
1653925031950105681,,0.0,0.0,0.0,,-0.194490183565,-0.480648522743,-2.44975662885
1653925031983406369,,0.0,0.0,0.0,,-0.183056967163,-0.439378331983,-2.48039792469
1653925032015419020,,0.0,0.0,0.0,,-0.12326997348,-0.477183589122,-2.4709588167
1653925032050276033,,0.0,0.0,0.0,,-0.0955561807678,-0.527681845698,-2.52987133272
